Workbook

Sheet Audit Form
A1: Evaluator
A2: INQ/Case#
A3: Eval Date
A4: Agent
A5: Supervisor
A6: Call Reason
A7: Caller Type
A8: Quality | G8: AHT
A9: Categoy | B9: Attributes | D9: Remarks | E9: SCORE | G9: Attributes | H9: Remarks
A10: Greeting | B10: a. | C10: Agent did not provide their name/department | D10: Pass | E10: 1 | G10: Speed of Answer | H10: Pass
B11: b. | C11: Agent did not verify whom they are speaking to | D11: Pass
A12: Obtaining and documenting Information | B12: a. | C12: Agent did not obtain the name of the caller | D12: Pass | E12: 2
B13: b. | C13: Agent did not obtain Caller's Location, if not member (e.g., MDO, LTC, Hospice). | D13: Pass
B14: c. | C14: Agent did not obtain Caller's callback number. | D14: Pass
B15: d. | C15: Agent did not select the correct caller type OR correct the caller type when it is discovered tom be incorrect | D15: Pass
A16: Member Authentication | B16: a. | C16: Agent did not ask for a third identifier if member ID is not available | D16: Pass | E16: 7 | G16: Unnecessary Caller Validation | H16: Pass
B17: b. | C17: Agent did not obtain member's first and last name | D17: Pass | G17: Irrelevant probing | H17: Pass
B18: c. | C18: Agent did not obtain member's dob | D18: Pass | G18: Repetition of Queries | H18: Pass
B19: d. | C19: Member PHI was inappropriately provided to third party caller | D19: Pass
B20: e. | C20: Agent did not utilize scripting for auto-pop information | D20: Pass
A21: MDO Authentication | B21: a. | C21: Agent did not obtain provider's last name | D21: Pass | E21: 7
B22: b. | C22: Agent did not obtain provider's NPI | D22: Pass
B23: c. | C23: Agent did not authenticate partial address (e.g., street name, street number, city, state) | D23: Pass
B24: d. | C24: Agent did not authenticate office phone number | D24: Pass
B25: e. | C25: Agent did not authenticate office fax number | D25: Pass
B26: f. | C26: Agent did not authenticate the provider information | D26: Pass
B27: g. | C27: Agent did not utilize scripting for auto-pop information | D27: Pass
A28: Pharmacy Authentication | B28: a. | C28: Agent did not obtain pharmacy name | D28: Pass | E28: 7
B29: b. | C29: Agent did not obtain pharmacy NPI or NABP number | D29: Pass
B30: c. | C30: Agent did not ask if caller is from a "dispensing pharmacy" | D30: Pass
B31: d. | C31: Agent did not utilize scripting for auto-pop information | D31: Pass
A32: Authentication Requirement for Client and Internal Callers | B32: a. | C32: Agent did not follow member authentication protocol when accessing the member's account is required | D32: Pass | E32: 6
B33: b. | C33: Agent did not change the caller type to provider or pharmacy as needed and follow the applicable authentication process per caller type | D33: Pass
A34: Transition Question | B34: a. | C34: Agent did not ask the transition question if case populate in member case history | D34: Pass | E34: 1
B35: b. | C35: Agent did not ask the transition question if case populate in member case history if case do not populate in member case history | D35: Pass
B36: c. | C36: Agent did not confirm the caller's needs that was already stated | D36: Pass
A37: First Call Resolution | B37: a. | C37: Agent did not select the correct member account Note: If the member has multiple accounts | D37: Pass | E37: 6 | G37: Issue Identification | H37: Pass
B38: b. | C38: Agent failed to recognize that the account is handled by a dedicated team, did not transfer the call appropriately | D38: Pass | G38: Search Time on Systems | H38: Pass
B39: c. | C39: Agent did not leverage the Identify Provider and Drug and/or Pharmacy from Member Claims to identify the provider, target drug, and pharmacy. | D39: Pass
B40: d. | C40: Agent did not pull up the case history and provide the correct status of case for the target drug | D40: Pass
B41: e. | C41: New PA request- The agent did not educate the caller on the availability of an ePA once determined that a PA is required | D41: Pass
B42: f. | C42: Denied Status Checks - The agent did not inform the caller of the appeals information from the denial correspondence as well as client-specific appeals process information | D42: Pass
B43: g. | C43: Approved Status Checks - The agent did not inform the caller of the approval duration | D43: Pass
B44: h. | C44: The agent did not troubleshoot the authorization to get a paid claim | D44: Pass
B45: i. | C45: Pending Status Checks - The agent did not inform the caller Quoted TAT, status of the pending case, and document any additional information when provided | D45: Pass
B46: j. | C46: The agent did not correctly update the urgency on a pending case, if requested | D46: Pass
B47: k. | C47: Miscellaneous - The agent did not resend correspondence(s) when requested | D47: Pass
B48: l. | C48: The agent did not assist the caller by providing formulary alternatives, via Formulary Lookup, the trial claim, denial correspondence, etc. when appropriate | D48: Pass
B49: m. | C49: Agent did not run test claims when appropriate | D49: Pass
B50: n. | C50: Agent did not provide correct internal/external contact numbers | D50: Pass
... B55: s. | C55: Agent did not provide new/correct member ID, if provided incorrectly | D55: Pass
A56: Documentation | B56: a. | C56: Agent did not select the most appropriate dropdown options as a starting point to document the actions taken during the call | D56: Pass | E56: 6
B57: b. | C57: Agent did not revise the guided verbiage to show what was advise, pertinent action steps done that is not mentioned in the guided verbiage ( i.e. reason for transfer, reason for force pending the case, additional T/F medication, what medication was referenced | D57: Pass
B58: c. | C58: False documentation | D58: Pass
A59: Drug Selection and Case Details | B59: a. | C59: Agent did not validate the correct drug product, drug formulation, direction for use, dispensed quantity and days supply | D59: Pass | E59: 6
B60: b. | C60: Agent should not cancel the phone request when the drug product and formulation has been validated; Agent did not continue with the PA phone request when the call drops after drug product and formulation have been entered | D60: Pass | G60: Difficulty in completing Drug Information | H60: Pass
B61: c. | C61: Agent did not ensure brand versus generic request; did not correct the error and reenter the drug product | D61: Pass
B62: d. | C62: Agent did not enter quantity and days supply exactly as the caller's intent | D62: Pass
B63: e. | C63: Agent did not evaluate the reject in action step | D63: Pass
B64: f. | C64: Agent did not use retry trial claim to adjust the dispensed quantity and days supply in proportion to 30 days to drive the appropriate rejects | D64: Pass
B65: g. | C65: Agent did not enter case detail according to the caller's request (e.g. selecting cost reduction) | D65: Pass
B66: h. | C66: Agent did not turn INQ call to PA when appropriate | D66: Pass
A67: Decision Accuracy at the Action Screen | B67: a. | C67: Merge Decision - Agent did not evaluate and compare the information from the original pending case to the current case when presented with case duplicates for merging | D67: Pass | E67: 6 | G67: Interpreting Trial Claim | H67: Pass
B68: b. | C68: Agent did not follow the system guided "WALKME" instruction at the Enhanced Duplicate Screen; | D68: Pass | G68: Search Time on Systems | H68: Pass
B69: c. | C69: Agent did not complete the Multiple PA type selections (when presented appropriately) | D69: Pass
B70: d. | C70: Proceed with the Guideline Decision - New PA requests (e.g., drugs that have not previously been reviewed), must always proceed to the Guideline screen, unless cancellation is warranted. A subsequent commercial case with new information must always proceed to review to evaluate for approval at the Guidelines screen | D70: Pass
B71: e. | C71: Retry Trial Claim - Agent did not use the retry trial claim feature to adjust the dispensed quantity and days supply in proportion to 30 days to drive the appropriate rejects | D71: Pass
B72: f. | C72: Agent did not change the day supply to 30 days without also recalculating the quantity to 30 days | D72: Pass
A73: Cancellation | B73: a. | C73: Cancellation Decision - Agent did not use the retry trial claim feature at the guideline screen first before selecting cancel case | D73: Pass | E73: 6
B74: b. | C74: Agent changed the intent of the initial trial claim | D74: Pass
B75: c. | C75: Agent did not select the correct cancel reason code | D75: Pass
B76: d. | C76: A subsequent Medicare case with a denial on file within the appeal window must be evaluated for Forwarding to Appeals | D76: Pass
A77: Clinical Guideline | B77: a. | C77: Agent did not ask ALL External questions and responses verbatim; | D77: Pass | E77: 6 | G77: Rephrases CG question when necessary | H77: Pass
B78: b. | C78: Agent did not ask the diagnosis question(s); Agent did not make the correct selection(s) based on the caller's response | D78: Pass
B79: c. | C79: Agent did not answer initial vs reauth questions correctly | D79: Pass
B80: d. | C80: Did not ask the CG QL question | D80: Pass
B81: e. | C81: Did not update the DQ and DS on the case according to the caller's response to the QL question | D81: Pass
B82: f. | C82: Agent did not document additional information in the additional notes textbox when prompted; | D82: Pass
B83: g. | C83: Agent did not offer to create ePA keycode when CG question require submission of chartnotes | D83: Pass
B84: h. | C84: Agent did not evaluate and compare the information from the original pending case to the current case when presented with final/second case duplicates for merging | D84: Pass
B85: i. | C85: Agent did not follow the system guided "WALKME" instruction at the Enhanced Duplicate Screen | D85: Pass
A86: Closing | B86: a. | C86: The agent did not ensure caller satisfaction by asking if additional assistance is needed | D86: Pass | E86: 3 | G86: Delayed Release | H86: Pass
B87: b. | C87: The agent did not offers/Mention the survey | D87: Pass
B88: c. | C88: The agent did not the brand the call and thank the caller | D88: Pass | E88: 1
A89: Call Holding | B89: a. | C89: Agent did not requests permission from the caller before placing them on hold. | D89: Pass | E89: 1 | G89: Search Time on Systems | H89: Pass
B90: b. | C90: Agent did not use the mute button when placing the caller on silent hold | D90: Pass
B91: c. | C91: Agent did not thank the caller for holding upon returning to the caller. | D91: Pass
B92: d. | C92: Agent placed the caller on hold at the start of the call. | D92: Pass
B93: e. | C93: Agent did not return to the caller from hold after the initial 2mins | D93: Pass
A94: Call Silence | B94: a. | C94: Exceeded Limit of five seconds before the greeting of the call. | D94: Pass | E94: 1 | G94: Dead Air | H94: Pass
B95: b. | C95: Exceeded Limit of twenty seconds of unannounced silence. | D95: Pass
B96: c. | C96: Exceeded Limit of fifty seconds of announced silence. | D96: Pass
A97: Call Transfers | B97: a. | C97: Explain the reason/need to transfer the caller. | D97: Pass | E97: 5 | G97: Transfer Time to Receiving Dept | H97: Pass
B98: b. | C98: Gain permission from the caller to transfer. | D98: Pass | G98: Department Transferred to | H98: Pass
B99: c. | C99: For internal transfers, agent did not provide the name and number (if available) of the department the caller is being transferred to, and for external Provide the name and number of the department caller is being transferred to. | D99: Pass
B100: d. | C100: Agent did not warm and cold transfer according to current policy. | D100: Pass
A101: Communication | B101: a. | C101: The agent will speak clearly without mumbling, using jargon, or slang. | D101: Pass | E101: 2
B102: b. | C102: The agent did not adapt to the caller’s needs through the pace of their speech and the volume of their voice, as appropriate. | D102: Pass
B103: c. | C103: The agent did not avoid using terms of endearment when addressing the caller (e.g., honey, dear). | D103: Pass
B104: d. | C104: The agent did not use appropriate and professional language. | D104: Pass
...

Sheet Nesting 
A1: Status | B1: Nesting
A3: Average of QA Score | B3: Column Labels | F3: Count of Case/INQ | G3: Column Labels
A4: Row Labels | B4: Class 11.1 | C4: Class 11.2 | D4: Grand Total | F4: Row Labels | G4: Jan Week 1 | H4: Jan Week 2 | I4: Grand Total
A5: Jan Week 1 | B5: 0.95636364 | C5: 0.952 | D5: 0.95384615 | F5: Nesting | G5: 26 | H5: 30 | I5: 56
A6: Jan Week 2 | B6: 0.97 | C6: 0.96607143 | D6: 0.96633333 | F6: Class 11.1 | G6: 11 | H6: 2 | I6: 13
A7: Grand Total | B7: 0.95846154 | C7: 0.96116279 | D7: 0.96053571 | F7: Class 11.2 | G7: 15 | H7: 28 | I7: 43
F8: Grand Total | G8: 26 | H8: 30 | I8: 56

Sheet RAW
A1: Month | B1: Status | C1: Class | D1: Week | E1: Date | F1: Agent | G1: Supervisor | H1: Site | I1: Auditor | J1: Caller Type | K1: Call Reason | L1: Case/INQ | M1: QA Score | N1: Agent did not provide their name/department. | O1: Agent did not verify whom they are speaking to. | P1: Agent did not obtain the name of the caller. | Q1: Agent did not obtain Caller's Location, if not member (e.g., MDO, LTC, Hospice). | R1: Agent did not obtain Caller's callback number. | S1: Agent did not select the correct caller type OR correct the caller type when it is discovered tom be incorrect. | T1: Agent did not ask for a third identifier if member ID is not available | U1: Agent did not obtain member's first and last name. | V1: Agent did not obtain member's dob. | W1: Member PHI was inappropriately provided to third party caller. | X1: Agent did not utilize scripting for auto-pop information. | Y1: Agent did not obtain provider's last name. | Z1: Agent did not obtain provider's NPI. | AA1: Agent did not authenticate partial address (e.g., street name, street number, city, state). | AB1: Agent did not authenticate office phone number. | AC1: Agent did not authenticate office fax number. | AD1: Agent did not authenticate the provider information. | AE1: Agent did not utilize scripting for auto-pop information. | AF1: Agent did not obtain pharmacy name. | AG1: Agent did not obtain pharmacy NPI or NABP number. | AH1: Agent did not ask if caller is from a "dispensing pharmacy". | AI1: Agent did not utilize scripting for auto-pop information. | AJ1: Agent did not follow member authentication protocol when accessing the member's account is required. | AK1: Agent did not change the caller type to provider or pharmacy as needed and follow the applicable authentication process per caller type. | AL1: Agent did not ask the transition question if case populate in member case history. | AM1: Agent did not ask the transition question if case populate in member case history if case do not populate in member case history. | AN1: Agent did not confirm the caller's needs that was already stated. | AO1: Agent did not select the correct member account Note: If the member has multiple accounts. | AP1: Agent failed to recognize that the account is handled by a dedicated team, did not transfer the call appropriately. | AQ1: Agent did not leverage the Identify Provider and Drug and/or Pharmacy from Member Claims to identify the provider, target drug, and pharmacy. | AR1: Agent did not pull up the case history and provide the correct status of case for the target drug | AS1: New PA request- The agent did not educate the caller on the availability of an ePA once determined that a PA is required. | AT1: Denied Status Checks - The agent did not inform the caller of the appeals information from the denial correspondence as well as client-specific appeals process information. | AU1: Approved Status Checks - The agent did not inform the caller of the approval duration. | AV1: The agent did not troubleshoot the authorization to get a paid claim. | AW1: Pending Status Checks - The agent did not inform the caller Quoted TAT, status of the pending case, and document any additional information when provided. | AX1: The agent did not correctly update the urgency on a pending case, if requested. | AY1: Miscellaneous - The agent did not resend correspondence(s) when requested. | AZ1: The agent did not assist the caller by providing formulary alternatives, via Formulary Lookup, the trial claim, denial correspondence, etc. when appropriate. | BA1: Agent did not run test claims when appropriate. | BB1: Agent did not provide correct internal/external contact numbers. | BC1: Agent did not offer to create a key code for epa when caller requested fax form to be sent. | BD1: Agent did not accurately send approval/denial correspondence to MDO, when requested. | BE1: Agent did not provide how the PA process works. | BF1: Agent did not provide accurate case turnaround time per the plan time. | BG1: Agent did not provide new/correct member ID, if provided incorrectly. | BH1: Agent did not select the most appropriate dropdown options as a starting point to document the actions taken during the call. | BI1: Agent did not revise the guided verbiage to show what was advise, pertinent action steps done that is not mentioned in the guided verbiage ( i.e. reason for transfer, reason for force pending the case, additional T/F medication, what medication was referenced. | BJ1: False documentation | BK1: Agent did not validate the correct drug product, drug formulation, direction for use, dispensed quantity and days supply. | BL1: Agent should not cancel the phone request when the drug product and formulation has been validated; Agent did not continue with the PA phone request when the call drops after drug product and formulation have been entered. | BM1: Agent did not ensure brand versus generic request; did not correct the error and reenter the drug product. | BN1: Agent did not enter quantity and days supply exactly as the caller's intent. | BO1: Agent did not evaluate the reject in action step. | BP1: Agent did not use retry trial claim to adjust the dispensed quantity and days supply in proportion to 30 days to drive the appropriate rejects. | BQ1: Agent did not enter case detail according to the caller's request (e.g. selecting cost reduction). | BR1: Agent did not turn INQ call to PA when appropriate. | BS1: Merge Decision - Agent did not evaluate and compare the information from the original pending case to the current case when presented with final case duplicates for merging. | BT1: Agent did not follow the system guided "WALKME" instruction at the Enhanced Duplicate Screen. | BU1: Agent did not complete the Multiple PA type selections (when presented appropriately). | BV1: Proceed with the Guideline Decision - New PA requests (e.g., drugs that have not previously been reviewed), must always proceed to the Guideline screen, unless cancellation is warranted. A subsequent commercial case with new information must always proceed to review to evaluate for approval at the Guidelines screen. | BW1: Retry Trial Claim - Agent did not use the retry trial claim feature to adjust the dispensed quantity and days supply in proportion to 30 days to drive the appropriate rejects. | BX1: Agent did not change the day supply to 30 days without also recalculating the quantity to 30 days. | BY1: Cancellation Decision - Agent did not use the retry trial claim feature at the guideline screen first before selecting cancel case. | BZ1: Agent changed the intent of the initial trial claim | CA1: Agent did not select the correct cancel reason code. | CB1: A subsequent Medicare case with a denial on file within the appeal window must be evaluated for Forwarding to Appeals. | CC1: Agent did not ask ALL External questions and responses verbatim. | CD1: Agent did not ask the diagnosis question(s); Agent did not make the correct selection(s) based on the caller's response. | CE1: Agent did not answer initial vs reauth questions correctly. | CF1: Did not ask the CG QL question. | CG1: Did not update the DQ and DS on the case according to the caller's response to the QL question. | CH1: Agent did not document additional information in the additional notes textbox when prompted. | CI1: Agent did not offer to create ePA keycode when CG question require submission of chartnotes. | CJ1: Agent did not evaluate and compare the information from the original pending case to the current case when presented with final/second case duplicates for merging. | CK1: Agent did not follow the system guided "WALKME" instruction at the Enhanced Duplicate Screen. | CL1: The agent did not ensure caller satisfaction by asking if additional assistance is needed. | CM1: The agent did not offers/Mention the survey. | CN1: The agent did not the brand the call and thank the caller. | CO1: Agent did not requests permission from the caller before placing them on hold. | CP1: Agent did not use the mute button when placing the caller on silent hold. | CQ1: Agent did not thank the caller for holding upon returning to the caller. | CR1: Agent placed the caller on hold at the start of the call. | CS1: Agent did not return to the caller from hold after the initial 2mins | CT1: Exceeded Limit of five seconds before the greeting of the call. | CU1: Exceeded Limit of twenty seconds of unannounced silence. | CV1: Exceeded Limit of fifty seconds of announced silence. | CW1: Explain the reason/need to transfer the caller. | CX1: Gain permission from the caller to transfer. | CY1: For internal transfers, agent did not provide the name and number (if available) of the department the caller is being transferred to, and for external Provide the name and number of the department caller is being transferred to. | CZ1: Agent did not warm and cold transfer according to current policy. | DA1: The agent will did not speak clearly without mumbling, using jargon, or slang. | DB1: The agent did not adapt to the caller’s needs through the pace of their speech and the volume of their voice, as appropriate. | DC1: The agent did not avoid using terms of endearment when addressing the caller (e.g., honey, dear). | DD1: The agent did not use appropriate and professional language. | DE1: Agent did not respond with appropriate phrases to ensure the caller they are actively listening and understanding the caller’s statement/question. | DF1: Agent did not resolve all the caller’s needs to ensure the caller does not call back again. (Demonstrate ownership of the repeat caller issue by resolving all questions, issues, and/or concerns on the call); Agent created a homework for the caller. | DG1: Agent did not verify case(s) were reviewed properly. | DH1: Agent did not educate the caller on clinical criteria not met per clinical guidelines based on denial reason. | DI1: Agent did not utilize available resources to research the member’s concerns (i.e. Corr letter, Case Notes, Plan Contacts, Claim History, FLU/INET). | DJ1: The agent will appropriately use the caller’s name at least once during the call outside of caller name verification. | DK1: The agent will address the caller using their last name and/or appropriate name/title anytime the name is provided by the caller. | DL1: The first name may only be used to address clinician, tech, nurse, etc. unless the caller requests the first name be used. | DM1: It is not required to address internal callers by name. | DN1: The agent uses a tone that is pleasant/helpful (PIR). | DO1: The agent uses courtesy words/phrases (PIR). | DP1: The agent allows the caller to speak without blatant interruptions. | DQ1: The agent will concede/apologize if they interrupt the caller, accidentally. | DR1: Agent did not avoid blaming or speaking negatively of OptumRx or company partners. | DS1: Agent did not promote confidence in the company’s processes when speaking to the caller. | DT1: If systems are down or latent, the agent did not advise the caller the “system is updating”. | DU1: Agent spoke negatively of company systems or place blame on systems. | DV1: Agent did not keep the interaction/conversation of the call on track and avoids using distractive fillers. | DW1: Agent did not answer the caller’s questions to build rapport without getting off track. | DX1: Incorrect Case Priority. | DY1: Invalid cancellation - Agent did not work and cancel cases in adherence to compliance requirements. | DZ1: Case Worked for the Incorrect Member - Agent did not work each case with the correct member account as requested by the caller. | EA1: Agent did not maintain professionalism throughout the entire interaction with the caller. Agent used unprofessional or profane language.
A2: =VLOOKUP(E2,'Validation List'!F1:G396,2,FALSE) -> January | B2: =INDEX('NEW HIRE ROSTER'!$G:$G,MATCH(RAW!F2,'NEW HIRE ROSTER'!$A:$A,0)) -> RAMP | C2: =INDEX('NEW HIRE ROSTER'!$F:$F,MATCH(RAW!F2,'NEW HIRE ROSTER'!$A:$A,0)) -> Class 9.1 | D2: =INDEX('Validation List'!$H:$H,MATCH(RAW!E2,'Validation List'!$F:$F,0)) -> Jan Week 1 | E2: 45660 | F2: Abantao,Julius Queno | G2: =VLOOKUP(F2,ML!C2:D588,2,FALSE) -> John Earl Melitado Lagare | H2: =VLOOKUP(F2,ML!C2:E588,3,FALSE) -> QC | I2: Gatchalian,Ernie Marie Caburian | J2: Provider | K2: New PA Initiation | L2: INQ-E860611 | M2: 0.97 | N2: 0 | O2: 0 | P2: 0 | Q2: 0 | R2: 0 | S2: 0 | T2: 0 | U2: 0 | V2: 0 | W2: 0 | X2: 0 | Y2: 0 | Z2: 0 | AA2: 0 | AB2: 0 | AC2: 0 | AD2: 0 | AE2: 0 | AF2: 0 | AG2: 0 | AH2: 0 | AI2: 0 | AJ2: 0 | AK2: 0 | AL2: 0 | AM2: 0 | AN2: 0 | AO2: 0 | AP2: 0 | AQ2: 0 | AR2: 0 | AS2: 0 | AT2: 0 | AU2: 0 | AV2: 0 | AW2: 0 | AX2: 0 | AY2: 0 | AZ2: 0 | BA2: 0 | BB2: 0 | BC2: 0 | BD2: 0 | BE2: 0 | BF2: 0 | BG2: 0 | BH2: 0 | BI2: 0 | BJ2: 0 | BK2: 0 | BL2: 0 | BM2: 0 | BN2: 0 | BO2: 0 | BP2: 0 | BQ2: 0 | BR2: 0 | BS2: 0 | BT2: 0 | BU2: 0 | BV2: 0 | BW2: 0 | BX2: 0 | BY2: 0 | BZ2: 0 | CA2: 0 | CB2: 0 | CC2: 0 | CD2: 0 | CE2: 0 | CF2: 0 | CG2: 0 | CH2: 0 | CI2: 0 | CJ2: 0 | CK2: 0 | CL2: 1 | CM2: 0 | CN2: 0 | CO2: 0 | CP2: 0 | CQ2: 0 | CR2: 0 | CS2: 0 | CT2: 0 | CU2: 0 | CV2: 0 | CW2: 0 | CX2: 0 | CY2: 0 | CZ2: 0 | DA2: 0 | DB2: 0 | DC2: 0 | DD2: 0 | DE2: 0 | DF2: 0 | DG2: 0 | DH2: 0 | DI2: 0 | DJ2: 0 | DK2: 0 | DL2: 0 | DM2: 0 | DN2: 0 | DO2: 0 | DP2: 0 | DQ2: 0 | DR2: 0 | DS2: 0 | DT2: 0 | DU2: 0 | DV2: 0 | DW2: 0 | DX2: 0 | DY2: 0 | DZ2: 0 | EA2: 0
A3: =VLOOKUP(E3,'Validation List'!F2:G397,2,FALSE) -> January | B3: =INDEX('NEW HIRE ROSTER'!$G:$G,MATCH(RAW!F3,'NEW HIRE ROSTER'!$A:$A,0)) -> RAMP | C3: =INDEX('NEW HIRE ROSTER'!$F:$F,MATCH(RAW!F3,'NEW HIRE ROSTER'!$A:$A,0)) -> Class 10 | D3: =INDEX('Validation List'!$H:$H,MATCH(RAW!E3,'Validation List'!$F:$F,0)) -> Jan Week 1 | E3: 45663 | F3: Bihag,Floriebel Dellona | G3: =VLOOKUP(F3,ML!C3:D589,2,FALSE) -> Jeric Amazona Mansibang | H3: =VLOOKUP(F3,ML!C3:E589,3,FALSE) -> QC | I3: Santos,Jennilyn Chan | J3: Provider | K3: "Call - Related to PA" | L3: INQ-E896400 | M3: 0.97 | N3: 0 | O3: 0 | P3: 0 | Q3: 0 | R3: 0 | S3: 0 | T3: 0 | U3: 0 | V3: 0 | W3: 0 | X3: 0 | Y3: 0 | Z3: 0 | AA3: 0 | AB3: 0 | AC3: 0 | AD3: 0 | AE3: 0 | AF3: 0 | AG3: 0 | AH3: 0 | AI3: 0 | AJ3: 0 | AK3: 0 | AL3: 0 | AM3: 0 | AN3: 0 | AO3: 0 | AP3: 0 | AQ3: 0 | AR3: 0 | AS3: 0 | AT3: 0 | AU3: 0 | AV3: 0 | AW3: 0 | AX3: 0 | AY3: 0 | AZ3: 0 | BA3: 0 | BB3: 0 | BC3: 0 | BD3: 0 | BE3: 0 | BF3: 0 | BG3: 0 | BH3: 0 | BI3: 0 | BJ3: 0 | BK3: 0 | BL3: 0 | BM3: 0 | BN3: 0 | BO3: 0 | BP3: 0 | BQ3: 0 | BR3: 0 | BS3: 0 | BT3: 0 | BU3: 0 | BV3: 0 | BW3: 0 | BX3: 0 | BY3: 0 | BZ3: 0 | CA3: 0 | CB3: 0 | CC3: 0 | CD3: 0 | CE3: 0 | CF3: 0 | CG3: 0 | CH3: 0 | CI3: 0 | CJ3: 0 | CK3: 0 | CL3: 1 | CM3: 0 | CN3: 0 | CO3: 0 | CP3: 0 | CQ3: 0 | CR3: 0 | CS3: 0 | CT3: 0 | CU3: 0 | CV3: 0 | CW3: 0 | CX3: 0 | CY3: 0 | CZ3: 0 | DA3: 0 | DB3: 0 | DC3: 0 | DD3: 0 | DE3: 0 | DF3: 0 | DG3: 0 | DH3: 0 | DI3: 0 | DJ3: 0 | DK3: 0 | DL3: 0 | DM3: 0 | DN3: 0 | DO3: 0 | DP3: 0 | DQ3: 0 | DR3: 0 | DS3: 0 | DT3: 0 | DU3: 0 | DV3: 0 | DW3: 0 | DX3: 0 | DY3: 0 | DZ3: 0 | EA3: 0
A4: =VLOOKUP(E4,'Validation List'!F3:G398,2,FALSE) -> January | B4: =INDEX('NEW HIRE ROSTER'!$G:$G,MATCH(RAW!F4,'NEW HIRE ROSTER'!$A:$A,0)) -> RAMP | C4: =INDEX('NEW HIRE ROSTER'!$F:$F,MATCH(RAW!F4,'NEW HIRE ROSTER'!$A:$A,0)) -> Class 10 | D4: =INDEX('Validation List'!$H:$H,MATCH(RAW!E4,'Validation List'!$F:$F,0)) -> Jan Week 1 | E4: 45664 | F4: Tejada,Jan Jaycle Javillonar | G4: =VLOOKUP(F4,ML!C4:D590,2,FALSE) -> Jeric Amazona Mansibang | H4: =VLOOKUP(F4,ML!C4:E590,3,FALSE) -> QC | I4: Santos,Jennilyn Chan | J4: Provider | K4: New PA Initiation | L4: INQ-E920853 | M4: 0.84 | N4: 0 | O4: 0 | P4: 0 | Q4: 0 | R4: 0 | S4: 0 | T4: 0 | U4: 0 | V4: 0 | W4: 0 | X4: 0 | Y4: 0 | Z4: 0 | AA4: 0 | AB4: 0 | AC4: 0 | AD4: 0 | AE4: 0 | AF4: 0 | AG4: 0 | AH4: 0 | AI4: 0 | AJ4: 0 | AK4: 0 | AL4: 0 | AM4: 0 | AN4: 0 | AO4: 0 | AP4: 0 | AQ4: 0 | AR4: 0 | AS4: 0 | AT4: 0 | AU4: 0 | AV4: 0 | AW4: 0 | AX4: 0 | AY4: 0 | AZ4: 0 | BA4: 0 | BB4: 0 | BC4: 0 | BD4: 0 | BE4: 0 | BF4: 0 | BG4: 0 | BH4: 0 | BI4: 0 | BJ4: 0 | BK4: 1 | BL4: 0 | BM4: 0 | BN4: 0 | BO4: 0 | BP4: 0 | BQ4: 0 | BR4: 0 | BS4: 0 | BT4: 0 | BU4: 0 | BV4: 0 | BW4: 0 | BX4: 0 | BY4: 0 | BZ4: 0 | CA4: 0 | CB4: 0 | CC4: 0 | CD4: 0 | CE4: 0 | CF4: 0 | CG4: 0 | CH4: 0 | CI4: 0 | CJ4: 0 | CK4: 0 | CL4: 0 | CM4: 0 | CN4: 0 | CO4: 0 | CP4: 0 | CQ4: 0 | CR4: 0 | CS4: 0 | CT4: 0 | CU4: 0 | CV4: 0 | CW4: 0 | CX4: 0 | CY4: 0 | CZ4: 0 | DA4: 0 | DB4: 0 | DC4: 0 | DD4: 0 | DE4: 0 | DF4: 1 | DG4: 0 | DH4: 0 | DI4: 0 | DJ4: 0 | DK4: 0 | DL4: 0 | DM4: 0 | DN4: 0 | DO4: 0 | DP4: 0 | DQ4: 0 | DR4: 0 | DS4: 0 | DT4: 0 | DU4: 0 | DV4: 0 | DW4: 0 | DX4: 0 | DY4: 0 | DZ4: 0 | EA4: 0
A5: =VLOOKUP(E5,'Validation List'!F4:G399,2,FALSE) -> January | B5: =INDEX('NEW HIRE ROSTER'!$G:$G,MATCH(RAW!F5,'NEW HIRE ROSTER'!$A:$A,0)) -> Nesting | C5: =INDEX('NEW HIRE ROSTER'!$F:$F,MATCH(RAW!F5,'NEW HIRE ROSTER'!$A:$A,0)) -> Class 11.1 | D5: =INDEX('Validation List'!$H:$H,MATCH(RAW!E5,'Validation List'!$F:$F,0)) -> Jan Week 1 | E5: 45665 | F5: Casoco,Carlito Trinidad | G5: =VLOOKUP(F5,ML!C5:D591,2,FALSE) -> Robin Antolihao Llamido | H5: =VLOOKUP(F5,ML!C5:E591,3,FALSE) -> QC | I5: Relon,Gazel De Guzman | J5: Provider | K5: "Status Check-Approved- Edit required" | L5: INQ-E942381 | M5: 1 | N5: 0 | O5: 0 | P5: 0 | Q5: 0 | R5: 0 | S5: 0 | T5: 0 | U5: 0 | V5: 0 | W5: 0 | X5: 0 | Y5: 0 | Z5: 0 | AA5: 0 | AB5: 0 | AC5: 0 | AD5: 0 | AE5: 0 | AF5: 0 | AG5: 0 | AH5: 0 | AI5: 0 | AJ5: 0 | AK5: 0 | AL5: 0 | AM5: 0 | AN5: 0 | AO5: 0 | AP5: 0 | AQ5: 0 | AR5: 0 | AS5: 0 | AT5: 0 | AU5: 0 | AV5: 0 | AW5: 0 | AX5: 0 | AY5: 0 | AZ5: 0 | BA5: 0 | BB5: 0 | BC5: 0 | BD5: 0 | BE5: 0 | BF5: 0 | BG5: 0 | BH5: 0 | BI5: 0 | BJ5: 0 | BK5: 0 | BL5: 0 | BM5: 0 | BN5: 0 | BO5: 0 | BP5: 0 | BQ5: 0 | BR5: 0 | BS5: 0 | BT5: 0 | BU5: 0 | BV5: 0 | BW5: 0 | BX5: 0 | BY5: 0 | BZ5: 0 | CA5: 0 | CB5: 0 | CC5: 0 | CD5: 0 | CE5: 0 | CF5: 0 | CG5: 0 | CH5: 0 | CI5: 0 | CJ5: 0 | CK5: 0 | CL5: 0 | CM5: 0 | CN5: 0 | CO5: 0 | CP5: 0 | CQ5: 0 | CR5: 0 | CS5: 0 | CT5: 0 | CU5: 0 | CV5: 0 | CW5: 0 | CX5: 0 | CY5: 0 | CZ5: 0 | DA5: 0 | DB5: 0 | DC5: 0 | DD5: 0 | DE5: 0 | DF5: 0 | DG5: 0 | DH5: 0 | DI5: 0 | DJ5: 0 | DK5: 0 | DL5: 0 | DM5: 0 | DN5: 0 | DO5: 0 | DP5: 0 | DQ5: 0 | DR5: 0 | DS5: 0 | DT5: 0 | DU5: 0 | DV5: 0 | DW5: 0 | DX5: 0 | DY5: 0 | DZ5: 0 | EA5: 0
A6: =VLOOKUP(E6,'Validation List'!F5:G400,2,FALSE) -> January | B6: =INDEX('NEW HIRE ROSTER'!$G:$G,MATCH(RAW!F6,'NEW HIRE ROSTER'!$A:$A,0)) -> RAMP | C6: =INDEX('NEW HIRE ROSTER'!$F:$F,MATCH(RAW!F6,'NEW HIRE ROSTER'!$A:$A,0)) -> Class 10 | D6: =INDEX('Validation List'!$H:$H,MATCH(RAW!E6,'Validation List'!$F:$F,0)) -> Jan Week 1 | E6: 45665 | F6: Mama,Monisah Cacasi | G6: =VLOOKUP(F6,ML!C6:D592,2,FALSE) -> Jeric Amazona Mansibang | H6: =VLOOKUP(F6,ML!C6:E592,3,FALSE) -> QC | I6: Santos,Jennilyn Chan | J6: Provider | K6: "Call - Related to PA" | L6: INQ-E938548 | M6: 0.84 | N6: 0 | O6: 0 | P6: 0 | Q6: 0 | R6: 0 | S6: 0 | T6: 0 | U6: 1 | V6: 0 | W6: 0 | X6: 0 | Y6: 0 | Z6: 0 | AA6: 0 | AB6: 0 | AC6: 0 | AD6: 0 | AE6: 0 | AF6: 0 | AG6: 0 | AH6: 0 | AI6: 0 | AJ6: 0 | AK6: 0 | AL6: 0 | AM6: 0 | AN6: 0 | AO6: 0 | AP6: 0 | AQ6: 0 | AR6: 0 | AS6: 0 | AT6: 0 | AU6: 0 | AV6: 0 | AW6: 0 | AX6: 0 | AY6: 0 | AZ6: 0 | BA6: 0 | BB6: 0 | BC6: 0 | BD6: 0 | BE6: 0 | BF6: 0 | BG6: 0 | BH6: 0 | BI6: 0 | BJ6: 0 | BK6: 0 | BL6: 0 | BM6: 0 | BN6: 0 | BO6: 0 | BP6: 0 | BQ6: 0 | BR6: 0 | BS6: 0 | BT6: 0 | BU6: 0 | BV6: 0 | BW6: 0 | BX6: 0 | BY6: 0 | BZ6: 0 | CA6: 0 | CB6: 0 | CC6: 0 | CD6: 0 | CE6: 0 | CF6: 0 | CG6: 0 | CH6: 0 | CI6: 0 | CJ6: 0 | CK6: 0 | CM6: 0 | CN6: 0 | CO6: 0 | CP6: 0 | CQ6: 0 | CR6: 0 | CS6: 0 | CT6: 0 | CU6: 0 | CV6: 0 | CW6: 0 | CX6: 0 | CY6: 0 | CZ6: 0 | DA6: 0 | DB6: 0 | DC6: 0 | DD6: 0 | DE6: 0 | DF6: 1 | DG6: 0 | DH6: 0 | DI6: 0 | DJ6: 0 | DK6: 0 | DL6: 0 | DM6: 0 | DN6: 0 | DO6: 0 | DP6: 0 | DQ6: 0 | DR6: 0 | DS6: 0 | DT6: 0 | DU6: 0 | DV6: 0 | DW6: 0 | DX6: 0 | DY6: 0 | DZ6: 0 | EA6: 0
A7: =VLOOKUP(E7,'Validation List'!F7:G402,2,FALSE) -> January | B7: =INDEX('NEW HIRE ROSTER'!$G:$G,MATCH(RAW!F7,'NEW HIRE ROSTER'!$A:$A,0)) -> RAMP | C7: =INDEX('NEW HIRE ROSTER'!$F:$F,MATCH(RAW!F7,'NEW HIRE ROSTER'!$A:$A,0)) -> Class 10 | D7: =INDEX('Validation List'!$H:$H,MATCH(RAW!E7,'Validation List'!$F:$F,0)) -> Jan Week 1 | E7: 45663 | F7: Bihag,Floriebel Dellona | G7: =VLOOKUP(F7,ML!C7:D593,2,FALSE) -> Jeric Amazona Mansibang | H7: =VLOOKUP(F7,ML!C8:E594,3,FALSE) -> QC | I7: Santos,Jennilyn Chan | J7: Provider | K7: "Call - Related to PA" | L7: INQ-E895822 | M7: 1 | N7: 0 | O7: 0 | P7: 0 | Q7: 0 | R7: 0 | S7: 0 | T7: 0 | U7: 0 | V7: 0 | W7: 0 | X7: 0 | Y7: 0 | Z7: 0 | AA7: 0 | AB7: 0 | AC7: 0 | AD7: 0 | AE7: 0 | AF7: 0 | AG7: 0 | AH7: 0 | AI7: 0 | AJ7: 0 | AK7: 0 | AL7: 0 | AM7: 0 | AN7: 0 | AO7: 0 | AP7: 0 | AQ7: 0 | AR7: 0 | AS7: 0 | AT7: 0 | AU7: 0 | AV7: 0 | AW7: 0 | AX7: 0 | AY7: 0 | AZ7: 0 | BA7: 0 | BB7: 0 | BC7: 0 | BD7: 0 | BE7: 0 | BF7: 0 | BG7: 0 | BH7: 0 | BI7: 0 | BJ7: 0 | BK7: 0 | BL7: 0 | BM7: 0 | BN7: 0 | BO7: 0 | BP7: 0 | BQ7: 0 | BR7: 0 | BS7: 0 | BT7: 0 | BU7: 0 | BV7: 0 | BW7: 0 | BX7: 0 | BY7: 0 | BZ7: 0 | CA7: 0 | CB7: 0 | CC7: 0 | CD7: 0 | CE7: 0 | CF7: 0 | CG7: 0 | CH7: 0 | CI7: 0 | CJ7: 0 | CK7: 0 | CL7: 0 | CM7: 0 | CN7: 0 | CO7: 0 | CP7: 0 | CQ7: 0 | CR7: 0 | CS7: 0 | CT7: 0 | CU7: 0 | CV7: 0 | CW7: 0 | CX7: 0 | CY7: 0 | CZ7: 0 | DA7: 0 | DB7: 0 | DC7: 0 | DD7: 0 | DE7: 0 | DF7: 0 | DG7: 0 | DH7: 0 | DI7: 0 | DJ7: 0 | DK7: 0 | DL7: 0 | DM7: 0 | DN7: 0 | DO7: 0 | DP7: 0 | DQ7: 0 | DR7: 0 | DS7: 0 | DT7: 0 | DU7: 0 | DV7: 0 | DW7: 0 | DX7: 0 | DY7: 0 | DZ7: 0 | EA7: 0
A8: =VLOOKUP(E8,'Validation List'!F8:G403,2,FALSE) -> January | B8: =INDEX('NEW HIRE ROSTER'!$G:$G,MATCH(RAW!F8,'NEW HIRE ROSTER'!$A:$A,0)) -> RAMP | C8: =INDEX('NEW HIRE ROSTER'!$F:$F,MATCH(RAW!F8,'NEW HIRE ROSTER'!$A:$A,0)) -> Class 10 | D8: =INDEX('Validation List'!$H:$H,MATCH(RAW!E8,'Validation List'!$F:$F,0)) -> Jan Week 1 | E8: 45663 | F8: Bihag,Floriebel Dellona | G8: =VLOOKUP(F8,ML!C8:D594,2,FALSE) -> Jeric Amazona Mansibang | H8: =VLOOKUP(F8,ML!C9:E595,3,FALSE) -> QC | I8: Santos,Jennilyn Chan | J8: Provider | K8: "Call - Related to PA" | L8: INQ-E896100 | M8: 1 | N8: 0 | O8: 0 | P8: 0 | Q8: 0 | R8: 0 | S8: 0 | T8: 0 | U8: 0 | V8: 0 | W8: 0 | X8: 0 | Y8: 0 | Z8: 0 | AA8: 0 | AB8: 0 | AC8: 0 | AD8: 0 | AE8: 0 | AF8: 0 | AG8: 0 | AH8: 0 | AI8: 0 | AJ8: 0 | AK8: 0 | AL8: 0 | AM8: 0 | AN8: 0 | AO8: 0 | AP8: 0 | AQ8: 0 | AR8: 0 | AS8: 0 | AT8: 0 | AU8: 0 | AV8: 0 | AW8: 0 | AX8: 0 | AY8: 0 | AZ8: 0 | BA8: 0 | BB8: 0 | BC8: 0 | BD8: 0 | BE8: 0 | BF8: 0 | BG8: 0 | BH8: 0 | BI8: 0 | BJ8: 0 | BK8: 0 | BL8: 0 | BM8: 0 | BN8: 0 | BO8: 0 | BP8: 0 | BQ8: 0 | BR8: 0 | BS8: 0 | BT8: 0 | BU8: 0 | BV8: 0 | BW8: 0 | BX8: 0 | BY8: 0 | BZ8: 0 | CA8: 0 | CB8: 0 | CC8: 0 | CD8: 0 | CE8: 0 | CF8: 0 | CG8: 0 | CH8: 0 | CI8: 0 | CJ8: 0 | CK8: 0 | CL8: 0 | CM8: 0 | CN8: 0 | CO8: 0 | CP8: 0 | CQ8: 0 | CR8: 0 | CS8: 0 | CT8: 0 | CU8: 0 | CV8: 0 | CW8: 0 | CX8: 0 | CY8: 0 | CZ8: 0 | DA8: 0 | DB8: 0 | DC8: 0 | DD8: 0 | DE8: 0 | DF8: 0 | DG8: 0 | DH8: 0 | DI8: 0 | DJ8: 0 | DK8: 0 | DL8: 0 | DM8: 0 | DN8: 0 | DO8: 0 | DP8: 0 | DQ8: 0 | DR8: 0 | DS8: 0 | DT8: 0 | DU8: 0 | DV8: 0 | DW8: 0 | DX8: 0 | DY8: 0 | DZ8: 0 | EA8: 0
A9: =VLOOKUP(E9,'Validation List'!F9:G404,2,FALSE) -> January | B9: =INDEX('NEW HIRE ROSTER'!$G:$G,MATCH(RAW!F9,'NEW HIRE ROSTER'!$A:$A,0)) -> RAMP | C9: =INDEX('NEW HIRE ROSTER'!$F:$F,MATCH(RAW!F9,'NEW HIRE ROSTER'!$A:$A,0)) -> Class 9.1 | D9: =INDEX('Validation List'!$H:$H,MATCH(RAW!E9,'Validation List'!$F:$F,0)) -> Jan Week 1 | E9: 45664 | F9: Ramos,Chester Irvin Bautista | G9: =VLOOKUP(F9,ML!C9:D595,2,FALSE) -> John Earl Melitado Lagare | H9: =VLOOKUP(F9,ML!C10:E596,3,FALSE) -> QC | I9: Gatchalian,Ernie Marie Caburian | J9: Provider | K9: "Call Transferred" | L9: INQ-E921924 | M9: 1 | N9: 0 | O9: 0 | P9: 0 | Q9: 0 | R9: 0 | S9: 0 | T9: 0 | U9: 0 | V9: 0 | W9: 0 | X9: 0 | Y9: 0 | Z9: 0 | AA9: 0 | AB9: 0 | AC9: 0 | AD9: 0 | AE9: 0 | AF9: 0 | AG9: 0 | AH9: 0 | AI9: 0 | AJ9: 0 | AK9: 0 | AL9: 0 | AM9: 0 | AN9: 0 | AO9: 0 | AP9: 0 | AQ9: 0 | AR9: 0 | AS9: 0 | AT9: 0 | AU9: 0 | AV9: 0 | AW9: 0 | AX9: 0 | AY9: 0 | AZ9: 0 | BA9: 0 | BB9: 0 | BC9: 0 | BD9: 0 | BE9: 0 | BF9: 0 | BG9: 0 | BH9: 0 | BI9: 0 | BJ9: 0 | BK9: 0 | BL9: 0 | BM9: 0 | BN9: 0 | BO9: 0 | BP9: 0 | BQ9: 0 | BR9: 0 | BS9: 0 | BT9: 0 | BU9: 0 | BV9: 0 | BW9: 0 | BX9: 0 | BY9: 0 | BZ9: 0 | CA9: 0 | CB9: 0 | CC9: 0 | CD9: 0 | CE9: 0 | CF9: 0 | CG9: 0 | CH9: 0 | CI9: 0 | CJ9: 0 | CK9: 0 | CL9: 0 | CM9: 0 | CN9: 0 | CO9: 0 | CP9: 0 | CQ9: 0 | CR9: 0 | CS9: 0 | CT9: 0 | CU9: 0 | CV9: 0 | CW9: 0 | CX9: 0 | CY9: 0 | CZ9: 0 | DA9: 0 | DB9: 0 | DC9: 0 | DD9: 0 | DE9: 0 | DF9: 0 | DG9: 0 | DH9: 0 | DI9: 0 | DJ9: 0 | DK9: 0 | DL9: 0 | DM9: 0 | DN9: 0 | DO9: 0 | DP9: 0 | DQ9: 0 | DR9: 0 | DS9: 0 | DT9: 0 | DU9: 0 | DV9: 0 | DW9: 0 | DX9: 0 | DY9: 0 | DZ9: 0 | EA9: 0
A10: =VLOOKUP(E10,'Validation List'!F10:G405,2,FALSE) -> January | B10: =INDEX('NEW HIRE ROSTER'!$G:$G,MATCH(RAW!F10,'NEW HIRE ROSTER'!$A:$A,0)) -> RAMP | C10: =INDEX('NEW HIRE ROSTER'!$F:$F,MATCH(RAW!F10,'NEW HIRE ROSTER'!$A:$A,0)) -> Class 10 | D10: =INDEX('Validation List'!$H:$H,MATCH(RAW!E10,'Validation List'!$F:$F,0)) -> Jan Week 1 | E10: 45664 | F10: Tejada,Jan Jaycle Javillonar | G10: =VLOOKUP(F10,ML!C10:D596,2,FALSE) -> Jeric Amazona Mansibang | H10: =VLOOKUP(F10,ML!C11:E597,3,FALSE) -> QC | I10: Santos,Jennilyn Chan | J10: Provider | K10: "Call Transferred" | L10: INQ-E922636 | M10: 1 | N10: 0 | O10: 0 | P10: 0 | Q10: 0 | R10: 0 | S10: 0 | T10: 0 | U10: 0 | V10: 0 | W10: 0 | X10: 0 | Y10: 0 | Z10: 0 | AA10: 0 | AB10: 0 | AC10: 0 | AD10: 0 | AE10: 0 | AF10: 0 | AG10: 0 | AH10: 0 | AI10: 0 | AJ10: 0 | AK10: 0 | AL10: 0 | AM10: 0 | AN10: 0 | AO10: 0 | AP10: 0 | AQ10: 0 | AR10: 0 | AS10: 0 | AT10: 0 | AU10: 0 | AV10: 0 | AW10: 0 | AX10: 0 | AY10: 0 | AZ10: 0 | BA10: 0 | BB10: 0 | BC10: 0 | BD10: 0 | BE10: 0 | BF10: 0 | BG10: 0 | BH10: 0 | BI10: 0 | BJ10: 0 | BK10: 0 | BL10: 0 | BM10: 0 | BN10: 0 | BO10: 0 | BP10: 0 | BQ10: 0 | BR10: 0 | BS10: 0 | BT10: 0 | BU10: 0 | BV10: 0 | BW10: 0 | BX10: 0 | BY10: 0 | BZ10: 0 | CA10: 0 | CB10: 0 | CC10: 0 | CD10: 0 | CE10: 0 | CF10: 0 | CG10: 0 | CH10: 0 | CI10: 0 | CJ10: 0 | CK10: 0 | CL10: 0 | CM10: 0 | CN10: 0 | CO10: 0 | CP10: 0 | CQ10: 0 | CR10: 0 | CS10: 0 | CT10: 0 | CU10: 0 | CV10: 0 | CW10: 0 | CX10: 0 | CY10: 0 | CZ10: 0 | DA10: 0 | DB10: 0 | DC10: 0 | DD10: 0 | DE10: 0 | DF10: 0 | DG10: 0 | DH10: 0 | DI10: 0 | DJ10: 0 | DK10: 0 | DL10: 0 | DM10: 0 | DN10: 0 | DO10: 0 | DP10: 0 | DQ10: 0 | DR10: 0 | DS10: 0 | DT10: 0 | DU10: 0 | DV10: 0 | DW10: 0 | DX10: 0 | DY10: 0 | DZ10: 0 | EA10: 0
A11: =VLOOKUP(E11,'Validation List'!F11:G406,2,FALSE) -> January | B11: =INDEX('NEW HIRE ROSTER'!$G:$G,MATCH(RAW!F11,'NEW HIRE ROSTER'!$A:$A,0)) -> Nesting | C11: =INDEX('NEW HIRE ROSTER'!$F:$F,MATCH(RAW!F11,'NEW HIRE ROSTER'!$A:$A,0)) -> Class 11.1 | D11: =INDEX('Validation List'!$H:$H,MATCH(RAW!E11,'Validation List'!$F:$F,0)) -> Jan Week 1 | E11: 45665 | F11: Candelaria,Tyronne Tillain | G11: =VLOOKUP(F11,ML!C11:D597,2,FALSE) -> Robin Antolihao Llamido | H11: =VLOOKUP(F11,ML!C12:E598,3,FALSE) -> QC | I11: Logmao,Nyrene Grace Lozada | J11: Provider | K11: "Call Transferred" | L11: N/A | M11: 1 | N11: 0 | O11: 0 | P11: 0 | Q11: 0 | R11: 0 | S11: 0 | T11: 0 | U11: 0 | V11: 0 | W11: 0 | X11: 0 | Y11: 0 | Z11: 0 | AA11: 0 | AB11: 0 | AC11: 0 | AD11: 0 | AE11: 0 | AF11: 0 | AG11: 0 | AH11: 0 | AI11: 0 | AJ11: 0 | AK11: 0 | AL11: 0 | AM11: 0 | AN11: 0 | AO11: 0 | AP11: 0 | AQ11: 0 | AR11: 0 | AS11: 0 | AT11: 0 | AU11: 0 | AV11: 0 | AW11: 0 | AX11: 0 | AY11: 0 | AZ11: 0 | BA11: 0 | BB11: 0 | BC11: 0 | BD11: 0 | BE11: 0 | BF11: 0 | BG11: 0 | BH11: 0 | BI11: 0 | BJ11: 0 | BK11: 0 | BL11: 0 | BM11: 0 | BN11: 0 | BO11: 0 | BP11: 0 | BQ11: 0 | BR11: 0 | BS11: 0 | BT11: 0 | BU11: 0 | BV11: 0 | BW11: 0 | BX11: 0 | BY11: 0 | BZ11: 0 | CA11: 0 | CB11: 0 | CC11: 0 | CD11: 0 | CE11: 0 | CF11: 0 | CG11: 0 | CH11: 0 | CI11: 0 | CJ11: 0 | CK11: 0 | CL11: 0 | CM11: 0 | CN11: 0 | CO11: 0 | CP11: 0 | CQ11: 0 | CR11: 0 | CS11: 0 | CT11: 0 | CU11: 0 | CV11: 0 | CW11: 0 | CX11: 0 | CY11: 0 | CZ11: 0 | DA11: 0 | DB11: 0 | DC11: 0 | DD11: 0 | DE11: 0 | DF11: 0 | DG11: 0 | DH11: 0 | DI11: 0 | DJ11: 0 | DK11: 0 | DL11: 0 | DM11: 0 | DN11: 0 | DO11: 0 | DP11: 0 | DQ11: 0 | DR11: 0 | DS11: 0 | DT11: 0 | DU11: 0 | DV11: 0 | DW11: 0 | DX11: 0 | DY11: 0 | DZ11: 0 | EA11: 0
A12: =VLOOKUP(E12,'Validation List'!F13:G408,2,FALSE) -> January | B12: =INDEX('NEW HIRE ROSTER'!$G:$G,MATCH(RAW!F12,'NEW HIRE ROSTER'!$A:$A,0)) -> RAMP | C12: =INDEX('NEW HIRE ROSTER'!$F:$F,MATCH(RAW!F12,'NEW HIRE ROSTER'!$A:$A,0)) -> Class 10 | D12: =INDEX('Validation List'!$H:$H,MATCH(RAW!E12,'Validation List'!$F:$F,0)) -> Jan Week 1 | E12: 45665 | F12: Mama,Monisah Cacasi | G12: =VLOOKUP(F12,ML!C12:D598,2,FALSE) -> Jeric Amazona Mansibang | H12: =VLOOKUP(F12,ML!C14:E600,3,FALSE) -> QC | I12: Santos,Jennilyn Chan | J12: Provider | K12: New PA Initiation | L12: INQ-E939796 | M12: 1 | N12: 0 | O12: 0 | P12: 0 | Q12: 0 | R12: 0 | S12: 0 | T12: 0 | U12: 0 | V12: 0 | W12: 0 | X12: 0 | Y12: 0 | Z12: 0 | AA12: 0 | AB12: 0 | AC12: 0 | AD12: 0 | AE12: 0 | AF12: 0 | AG12: 0 | AH12: 0 | AI12: 0 | AJ12: 0 | AK12: 0 | AL12: 0 | AM12: 0 | AN12: 0 | AO12: 0 | AP12: 0 | AQ12: 0 | AR12: 0 | AS12: 0 | AT12: 0 | AU12: 0 | AV12: 0 | AW12: 0 | AX12: 0 | AY12: 0 | AZ12: 0 | BA12: 0 | BB12: 0 | BC12: 0 | BD12: 0 | BE12: 0 | BF12: 0 | BG12: 0 | BH12: 0 | BI12: 0 | BJ12: 0 | BK12: 0 | BL12: 0 | BM12: 0 | BN12: 0 | BO12: 0 | BP12: 0 | BQ12: 0 | BR12: 0 | BS12: 0 | BT12: 0 | BU12: 0 | BV12: 0 | BW12: 0 | BX12: 0 | BY12: 0 | BZ12: 0 | CA12: 0 | CB12: 0 | CC12: 0 | CD12: 0 | CE12: 0 | CF12: 0 | CG12: 0 | CH12: 0 | CI12: 0 | CJ12: 0 | CK12: 0 | CL12: 0 | CM12: 0 | CN12: 0 | CO12: 0 | CP12: 0 | CQ12: 0 | CR12: 0 | CS12: 0 | CT12: 0 | CU12: 0 | CV12: 0 | CW12: 0 | CX12: 0 | CY12: 0 | CZ12: 0 | DA12: 0 | DB12: 0 | DC12: 0 | DD12: 0 | DE12: 0 | DF12: 0 | DG12: 0 | DH12: 0 | DI12: 0 | DJ12: 0 | DK12: 0 | DL12: 0 | DM12: 0 | DN12: 0 | DO12: 0 | DP12: 0 | DQ12: 0 | DR12: 0 | DS12: 0 | DT12: 0 | DU12: 0 | DV12: 0 | DW12: 0 | DX12: 0 | DY12: 0 | DZ12: 0 | EA12: 0
A13: =VLOOKUP(E13,'Validation List'!F14:G409,2,FALSE) -> January | B13: =INDEX('NEW HIRE ROSTER'!$G:$G,MATCH(RAW!F13,'NEW HIRE ROSTER'!$A:$A,0)) -> RAMP | C13: =INDEX('NEW HIRE ROSTER'!$F:$F,MATCH(RAW!F13,'NEW HIRE ROSTER'!$A:$A,0)) -> Class 10 | D13: =INDEX('Validation List'!$H:$H,MATCH(RAW!E13,'Validation List'!$F:$F,0)) -> Jan Week 1 | E13: 45665 | F13: Lumabao,Rein Amyl Montanez | G13: =VLOOKUP(F13,ML!C13:D599,2,FALSE) -> Jeric Amazona Mansibang | H13: =VLOOKUP(F13,ML!C15:E601,3,FALSE) -> QC | I13: Santos,Jennilyn Chan | J13: Provider | K13: "Call - Related to PA" | L13: INQ-E945758 | M13: 1 | N13: 0 | O13: 0 | P13: 0 | Q13: 0 | R13: 0 | S13: 0 | T13: 0 | U13: 0 | V13: 0 | W13: 0 | X13: 0 | Y13: 0 | Z13: 0 | AA13: 0 | AB13: 0 | AC13: 0 | AD13: 0 | AE13: 0 | AF13: 0 | AG13: 0 | AH13: 0 | AI13: 0 | AJ13: 0 | AK13: 0 | AL13: 0 | AM13: 0 | AN13: 0 | AO13: 0 | AP13: 0 | AQ13: 0 | AR13: 0 | AS13: 0 | AT13: 0 | AU13: 0 | AV13: 0 | AW13: 0 | AX13: 0 | AY13: 0 | AZ13: 0 | BA13: 0 | BB13: 0 | BC13: 0 | BD13: 0 | BE13: 0 | BF13: 0 | BG13: 0 | BH13: 0 | BI13: 0 | BJ13: 0 | BK13: 0 | BL13: 0 | BM13: 0 | BN13: 0 | BO13: 0 | BP13: 0 | BQ13: 0 | BR13: 0 | BS13: 0 | BT13: 0 | BU13: 0 | BV13: 0 | BW13: 0 | BX13: 0 | BY13: 0 | BZ13: 0 | CA13: 0 | CB13: 0 | CC13: 0 | CD13: 0 | CE13: 0 | CF13: 0 | CG13: 0 | CH13: 0 | CI13: 0 | CJ13: 0 | CK13: 0 | CL13: 0 | CM13: 0 | CN13: 0 | CO13: 0 | CP13: 0 | CQ13: 0 | CR13: 0 | CS13: 0 | CT13: 0 | CU13: 0 | CV13: 0 | CW13: 0 | CX13: 0 | CY13: 0 | CZ13: 0 | DA13: 0 | DB13: 0 | DC13: 0 | DD13: 0 | DE13: 0 | DF13: 0 | DG13: 0 | DH13: 0 | DI13: 0 | DJ13: 0 | DK13: 0 | DL13: 0 | DM13: 0 | DN13: 0 | DO13: 0 | DP13: 0 | DQ13: 0 | DR13: 0 | DS13: 0 | DT13: 0 | DU13: 0 | DV13: 0 | DW13: 0 | DX13: 0 | DY13: 0 | DZ13: 0 | EA13: 0
A14: =VLOOKUP(E14,'Validation List'!F15:G410,2,FALSE) -> January | B14: =INDEX('NEW HIRE ROSTER'!$G:$G,MATCH(RAW!F14,'NEW HIRE ROSTER'!$A:$A,0)) -> Nesting | C14: =INDEX('NEW HIRE ROSTER'!$F:$F,MATCH(RAW!F14,'NEW HIRE ROSTER'!$A:$A,0)) -> Class 11.1 | D14: =INDEX('Validation List'!$H:$H,MATCH(RAW!E14,'Validation List'!$F:$F,0)) -> Jan Week 1 | E14: 45666 | F14: Austria,Effie Galang | G14: =VLOOKUP(F14,ML!C14:D600,2,FALSE) -> Robin Antolihao Llamido | H14: =VLOOKUP(F14,ML!C16:E602,3,FALSE) -> QC | I14: Ongjoco,Hanna Crystal Azana | J14: Provider | K14: "Status Check-Denied" | L14: INQ-E970005 | M14: 0.94 | N14: 0 | O14: 0 | P14: 0 | Q14: 0 | R14: 0 | S14: 0 | T14: 0 | U14: 0 | V14: 0 | W14: 0 | X14: 1 | Y14: 0 | Z14: 0 | AA14: 0 | AB14: 0 | AC14: 0 | AD14: 0 | AE14: 0 | AF14: 0 | AG14: 0 | AH14: 0 | AI14: 0 | AJ14: 0 | AK14: 0 | AL14: 0 | AM14: 0 | AN14: 0 | AO14: 0 | AP14: 0 | AQ14: 0 | AR14: 0 | AS14: 0 | AT14: 0 | AU14: 0 | AV14: 0 | AW14: 0 | AX14: 0 | AY14: 0 | AZ14: 0 | BA14: 0 | BB14: 0 | BC14: 0 | BD14: 0 | BE14: 0 | BF14: 0 | BG14: 0 | BH14: 0 | BI14: 0 | BJ14: 0 | BK14: 0 | BL14: 0 | BM14: 0 | BN14: 0 | BO14: 0 | BP14: 0 | BQ14: 0 | BR14: 0 | BS14: 0 | BT14: 0 | BU14: 0 | BV14: 0 | BW14: 0 | BX14: 0 | BY14: 0 | BZ14: 0 | CA14: 0 | CB14: 0 | CC14: 0 | CD14: 0 | CE14: 0 | CF14: 0 | CG14: 0 | CH14: 0 | CI14: 0 | CJ14: 0 | CK14: 0 | CL14: 0 | CM14: 0 | CN14: 0 | CO14: 0 | CP14: 0 | CQ14: 0 | CR14: 0 | CS14: 0 | CT14: 0 | CU14: 0 | CV14: 0 | CW14: 0 | CX14: 0 | CY14: 0 | CZ14: 0 | DA14: 0 | DB14: 0 | DC14: 0 | DD14: 0 | DE14: 0 | DF14: 0 | DG14: 0 | DH14: 0 | DI14: 0 | DJ14: 0 | DK14: 0 | DL14: 0 | DM14: 0 | DN14: 0 | DO14: 0 | DP14: 0 | DQ14: 0 | DR14: 0 | DS14: 0 | DT14: 0 | DU14: 0 | DV14: 0 | DW14: 0 | DX14: 0 | DY14: 0 | DZ14: 0 | EA14: 0
A15: =VLOOKUP(E15,'Validation List'!F16:G411,2,FALSE) -> January | B15: =INDEX('NEW HIRE ROSTER'!$G:$G,MATCH(RAW!F15,'NEW HIRE ROSTER'!$A:$A,0)) -> Nesting | C15: =INDEX('NEW HIRE ROSTER'!$F:$F,MATCH(RAW!F15,'NEW HIRE ROSTER'!$A:$A,0)) -> Class 11.2 | D15: =INDEX('Validation List'!$H:$H,MATCH(RAW!E15,'Validation List'!$F:$F,0)) -> Jan Week 1 | E15: 45666 | F15: Tadaya,Frederic Palongpong | G15: =VLOOKUP(F15,ML!C15:D601,2,FALSE) -> Khyno Elimanco Cortez | H15: =VLOOKUP(F15,ML!C17:E603,3,FALSE) -> QC | I15: Gatchalian,Ernie Marie Caburian | J15: Provider | K15: "Call Transferred" | L15: INQ-E974427 | M15: 0.94 | N15: 0 | O15: 0 | P15: 0 | Q15: 0 | R15: 0 | S15: 0 | T15: 0 | U15: 0 | V15: 0 | W15: 0 | X15: 1 | Y15: 0 | Z15: 0 | AA15: 0 | AB15: 0 | AC15: 0 | AD15: 0 | AE15: 0 | AF15: 0 | AG15: 0 | AH15: 0 | AI15: 0 | AJ15: 0 | AK15: 0 | AL15: 0 | AM15: 0 | AN15: 0 | AO15: 0 | AP15: 0 | AQ15: 0 | AR15: 0 | AS15: 0 | AT15: 0 | AU15: 0 | AV15: 0 | AW15: 0 | AX15: 0 | AY15: 0 | AZ15: 0 | BA15: 0 | BB15: 0 | BC15: 0 | BD15: 0 | BE15: 0 | BF15: 0 | BG15: 0 | BH15: 0 | BI15: 0 | BJ15: 0 | BK15: 0 | BL15: 0 | BM15: 0 | BN15: 0 | BO15: 0 | BP15: 0 | BQ15: 0 | BR15: 0 | BS15: 0 | BT15: 0 | BU15: 0 | BV15: 0 | BW15: 0 | BX15: 0 | BY15: 0 | BZ15: 0 | CA15: 0 | CB15: 0 | CC15: 0 | CD15: 0 | CE15: 0 | CF15: 0 | CG15: 0 | CH15: 0 | CI15: 0 | CJ15: 0 | CK15: 0 | CL15: 0 | CM15: 0 | CN15: 0 | CO15: 0 | CP15: 0 | CQ15: 0 | CR15: 0 | CS15: 0 | CT15: 0 | CU15: 0 | CV15: 0 | CW15: 0 | CX15: 0 | CY15: 0 | CZ15: 0 | DA15: 0 | DB15: 0 | DC15: 0 | DD15: 0 | DE15: 0 | DF15: 0 | DG15: 0 | DH15: 0 | DI15: 0 | DJ15: 0 | DK15: 0 | DL15: 0 | DM15: 0 | DN15: 0 | DO15: 0 | DP15: 0 | DQ15: 0 | DR15: 0 | DS15: 0 | DT15: 0 | DU15: 0 | DV15: 0 | DW15: 0 | DX15: 0 | DY15: 0 | DZ15: 0 | EA15: 0
A16: =VLOOKUP(E16,'Validation List'!F17:G412,2,FALSE) -> January | B16: =INDEX('NEW HIRE ROSTER'!$G:$G,MATCH(RAW!F16,'NEW HIRE ROSTER'!$A:$A,0)) -> Nesting | C16: =INDEX('NEW HIRE ROSTER'!$F:$F,MATCH(RAW!F16,'NEW HIRE ROSTER'!$A:$A,0)) -> Class 11.2 | D16: =INDEX('Validation List'!$H:$H,MATCH(RAW!E16,'Validation List'!$F:$F,0)) -> Jan Week 1 | E16: 45666 | F16: Tabita,Czarina Manuel | G16: =VLOOKUP(F16,ML!C16:D602,2,FALSE) -> Khyno Elimanco Cortez | H16: =VLOOKUP(F16,ML!C18:E604,3,FALSE) -> QC | I16: Gatchalian,Ernie Marie Caburian | J16: Provider | K16: New PA Initiation | L16: PA-E2234004 | M16: 0.94 | N16: 0 | O16: 0 | P16: 0 | Q16: 0 | R16: 0 | S16: 0 | T16: 0 | U16: 0 | V16: 0 | W16: 0 | X16: 1 | Y16: 0 | Z16: 0 | AA16: 0 | AB16: 0 | AC16: 0 | AD16: 0 | AE16: 0 | AF16: 0 | AG16: 0 | AH16: 0 | AI16: 0 | AJ16: 0 | AK16: 0 | AL16: 0 | AM16: 0 | AN16: 0 | AO16: 0 | AP16: 0 | AQ16: 0 | AR16: 0 | AS16: 0 | AT16: 0 | AU16: 0 | AV16: 0 | AW16: 0 | AX16: 0 | AY16: 0 | AZ16: 0 | BA16: 0 | BB16: 0 | BC16: 0 | BD16: 0 | BE16: 0 | BF16: 0 | BG16: 0 | BH16: 0 | BI16: 0 | BJ16: 0 | BK16: 0 | BL16: 0 | BM16: 0 | BN16: 0 | BO16: 0 | BP16: 0 | BQ16: 0 | BR16: 0 | BS16: 0 | BT16: 0 | BU16: 0 | BV16: 0 | BW16: 0 | BX16: 0 | BY16: 0 | BZ16: 0 | CA16: 0 | CB16: 0 | CC16: 0 | CD16: 0 | CE16: 0 | CF16: 0 | CG16: 0 | CH16: 0 | CI16: 0 | CJ16: 0 | CK16: 0 | CL16: 0 | CM16: 0 | CN16: 0 | CO16: 0 | CP16: 0 | CQ16: 0 | CR16: 0 | CS16: 0 | CT16: 0 | CU16: 0 | CV16: 0 | CW16: 0 | CX16: 0 | CY16: 0 | CZ16: 0 | DA16: 0 | DB16: 0 | DC16: 0 | DD16: 0 | DE16: 0 | DF16: 0 | DG16: 0 | DH16: 0 | DI16: 0 | DJ16: 0 | DK16: 0 | DL16: 0 | DM16: 0 | DN16: 0 | DO16: 0 | DP16: 0 | DQ16: 0 | DR16: 0 | DS16: 0 | DT16: 0 | DU16: 0 | DV16: 0 | DW16: 0 | DX16: 0 | DY16: 0 | DZ16: 0 | EA16: 0
A17: =VLOOKUP(E17,'Validation List'!F18:G413,2,FALSE) -> January | B17: =INDEX('NEW HIRE ROSTER'!$G:$G,MATCH(RAW!F17,'NEW HIRE ROSTER'!$A:$A,0)) -> Nesting | C17: =INDEX('NEW HIRE ROSTER'!$F:$F,MATCH(RAW!F17,'NEW HIRE ROSTER'!$A:$A,0)) -> Class 11.2 | D17: =INDEX('Validation List'!$H:$H,MATCH(RAW!E17,'Validation List'!$F:$F,0)) -> Jan Week 1 | E17: 45667 | F17: Roque,Francis Anthony Jacobe | G17: =VLOOKUP(F17,ML!C17:D603,2,FALSE) -> Khyno Elimanco Cortez | H17: =VLOOKUP(F17,ML!C19:E605,3,FALSE) -> QC | I17: Gatchalian,Ernie Marie Caburian | J17: Provider | K17: "Call Transferred" | L17: INQ-E999677 | M17: 0.94 | N17: 0 | O17: 0 | P17: 0 | Q17: 0 | R17: 0 | S17: 0 | T17: 0 | U17: 1 | V17: 0 | W17: 0 | X17: 0 | Y17: 0 | Z17: 0 | AA17: 0 | AB17: 0 | AC17: 0 | AD17: 0 | AE17: 0 | AF17: 0 | AG17: 0 | AH17: 0 | AI17: 0 | AJ17: 0 | AK17: 0 | AL17: 0 | AM17: 0 | AN17: 0 | AO17: 0 | AP17: 0 | AQ17: 0 | AR17: 0 | AS17: 0 | AT17: 0 | AU17: 0 | AV17: 0 | AW17: 0 | AX17: 0 | AY17: 0 | AZ17: 0 | BA17: 0 | BB17: 0 | BC17: 0 | BD17: 0 | BE17: 0 | BF17: 0 | BG17: 0 | BH17: 0 | BI17: 0 | BJ17: 0 | BK17: 0 | BL17: 0 | BM17: 0 | BN17: 0 | BO17: 0 | BP17: 0 | BQ17: 0 | BR17: 0 | BS17: 0 | BT17: 0 | BU17: 0 | BV17: 0 | BW17: 0 | BX17: 0 | BY17: 0 | BZ17: 0 | CA17: 0 | CB17: 0 | CC17: 0 | CD17: 0 | CE17: 0 | CF17: 0 | CG17: 0 | CH17: 0 | CI17: 0 | CJ17: 0 | CK17: 0 | CL17: 0 | CM17: 0 | CN17: 0 | CO17: 0 | CP17: 0 | CQ17: 0 | CR17: 0 | CS17: 0 | CT17: 0 | CU17: 0 | CV17: 0 | CW17: 0 | CX17: 0 | CY17: 0 | CZ17: 0 | DA17: 0 | DB17: 0 | DC17: 0 | DD17: 0 | DE17: 0 | DF17: 0 | DG17: 0 | DH17: 0 | DI17: 0 | DJ17: 0 | DK17: 0 | DL17: 0 | DM17: 0 | DN17: 0 | DO17: 0 | DP17: 0 | DQ17: 0 | DR17: 0 | DS17: 0 | DT17: 0 | DU17: 0 | DV17: 0 | DW17: 0 | DX17: 0 | DY17: 0 | DZ17: 0 | EA17: 0
A18: =VLOOKUP(E18,'Validation List'!F19:G414,2,FALSE) -> January | B18: =INDEX('NEW HIRE ROSTER'!$G:$G,MATCH(RAW!F18,'NEW HIRE ROSTER'!$A:$A,0)) -> Nesting | C18: =INDEX('NEW HIRE ROSTER'!$F:$F,MATCH(RAW!F18,'NEW HIRE ROSTER'!$A:$A,0)) -> Class 11.2 | D18: =INDEX('Validation List'!$H:$H,MATCH(RAW!E18,'Validation List'!$F:$F,0)) -> Jan Week 1 | E18: 45667 | F18: Relano,Abimael Soliman | G18: =VLOOKUP(F18,ML!C18:D604,2,FALSE) -> Khyno Elimanco Cortez | H18: =VLOOKUP(F18,ML!C20:E606,3,FALSE) -> QC | I18: Gatchalian,Ernie Marie Caburian | J18: Provider | K18: "Status Check-Denied" | L18: INQ-F000964 | M18: 0.94 | N18: 0 | O18: 0 | P18: 0 | Q18: 0 | R18: 0 | S18: 0 | T18: 0 | U18: 0 | V18: 0 | W18: 0 | X18: 1 | Y18: 0 | Z18: 0 | AA18: 0 | AB18: 0 | AC18: 0 | AD18: 0 | AE18: 0 | AF18: 0 | AG18: 0 | AH18: 0 | AI18: 0 | AJ18: 0 | AK18: 0 | AL18: 0 | AM18: 0 | AN18: 0 | AO18: 0 | AP18: 0 | AQ18: 0 | AR18: 0 | AS18: 0 | AT18: 0 | AU18: 0 | AV18: 0 | AW18: 0 | AX18: 0 | AY18: 0 | AZ18: 0 | BA18: 0 | BB18: 0 | BC18: 0 | BD18: 0 | BE18: 0 | BF18: 0 | BG18: 0 | BH18: 0 | BI18: 0 | BJ18: 0 | BK18: 0 | BL18: 0 | BM18: 0 | BN18: 0 | BO18: 0 | BP18: 0 | BQ18: 0 | BR18: 0 | BS18: 0 | BT18: 0 | BU18: 0 | BV18: 0 | BW18: 0 | BX18: 0 | BY18: 0 | BZ18: 0 | CA18: 0 | CB18: 0 | CC18: 0 | CD18: 0 | CE18: 0 | CF18: 0 | CG18: 0 | CH18: 0 | CI18: 0 | CJ18: 0 | CK18: 0 | CL18: 0 | CM18: 0 | CN18: 0 | CO18: 0 | CP18: 0 | CQ18: 0 | CR18: 0 | CS18: 0 | CT18: 0 | CU18: 0 | CV18: 0 | CW18: 0 | CX18: 0 | CY18: 0 | CZ18: 0 | DA18: 0 | DB18: 0 | DC18: 0 | DD18: 0 | DE18: 0 | DF18: 0 | DG18: 0 | DH18: 0 | DI18: 0 | DJ18: 0 | DK18: 0 | DL18: 0 | DM18: 0 | DN18: 0 | DO18: 0 | DP18: 0 | DQ18: 0 | DR18: 0 | DS18: 0 | DT18: 0 | DU18: 0 | DV18: 0 | DW18: 0 | DX18: 0 | DY18: 0 | DZ18: 0 | EA18: 0
A19: =VLOOKUP(E19,'Validation List'!F20:G415,2,FALSE) -> January | B19: =INDEX('NEW HIRE ROSTER'!$G:$G,MATCH(RAW!F19,'NEW HIRE ROSTER'!$A:$A,0)) -> Nesting | C19: =INDEX('NEW HIRE ROSTER'!$F:$F,MATCH(RAW!F19,'NEW HIRE ROSTER'!$A:$A,0)) -> Class 11.2 | D19: =INDEX('Validation List'!$H:$H,MATCH(RAW!E19,'Validation List'!$F:$F,0)) -> Jan Week 1 | E19: 45666 | F19: Alzaga,Abigael Alano | G19: =VLOOKUP(F19,ML!C19:D605,2,FALSE) -> Khyno Elimanco Cortez | H19: =VLOOKUP(F19,ML!C21:E607,3,FALSE) -> QC | I19: Logmao,Nyrene Grace Lozada | J19: Provider | K19: "Call - Related to PA" | L19: INQ-E971669 | M19: 1 | N19: 0 | O19: 0 | P19: 0 | Q19: 0 | R19: 0 | S19: 0 | T19: 0 | U19: 0 | V19: 0 | W19: 0 | X19: 0 | Y19: 0 | Z19: 0 | AA19: 0 | AB19: 0 | AC19: 0 | AD19: 0 | AE19: 0 | AF19: 0 | AG19: 0 | AH19: 0 | AI19: 0 | AJ19: 0 | AK19: 0 | AL19: 0 | AM19: 0 | AN19: 0 | AO19: 0 | AP19: 0 | AQ19: 0 | AR19: 0 | AS19: 0 | AT19: 0 | AU19: 0 | AV19: 0 | AW19: 0 | AX19: 0 | AY19: 0 | AZ19: 0 | BA19: 0 | BB19: 0 | BC19: 0 | BD19: 0 | BE19: 0 | BF19: 0 | BG19: 0 | BH19: 0 | BI19: 0 | BJ19: 0 | BK19: 0 | BL19: 0 | BM19: 0 | BN19: 0 | BO19: 0 | BP19: 0 | BQ19: 0 | BR19: 0 | BS19: 0 | BT19: 0 | BU19: 0 | BV19: 0 | BW19: 0 | BX19: 0 | BY19: 0 | BZ19: 0 | CA19: 0 | CB19: 0 | CC19: 0 | CD19: 0 | CE19: 0 | CF19: 0 | CG19: 0 | CH19: 0 | CI19: 0 | CJ19: 0 | CK19: 0 | CL19: 0 | CM19: 0 | CN19: 0 | CO19: 0 | CP19: 0 | CQ19: 0 | CR19: 0 | CS19: 0 | CT19: 0 | CU19: 0 | CV19: 0 | CW19: 0 | CX19: 0 | CY19: 0 | CZ19: 0 | DA19: 0 | DB19: 0 | DC19: 0 | DD19: 0 | DE19: 0 | DF19: 0 | DG19: 0 | DH19: 0 | DI19: 0 | DJ19: 0 | DK19: 0 | DL19: 0 | DM19: 0 | DN19: 0 | DO19: 0 | DP19: 0 | DQ19: 0 | DR19: 0 | DS19: 0 | DT19: 0 | DU19: 0 | DV19: 0 | DW19: 0 | DX19: 0 | DY19: 0 | DZ19: 0 | EA19: 0
A20: =VLOOKUP(E20,'Validation List'!F21:G416,2,FALSE) -> January | B20: =INDEX('NEW HIRE ROSTER'!$G:$G,MATCH(RAW!F20,'NEW HIRE ROSTER'!$A:$A,0)) -> Nesting | C20: =INDEX('NEW HIRE ROSTER'!$F:$F,MATCH(RAW!F20,'NEW HIRE ROSTER'!$A:$A,0)) -> Class 11.1 | D20: =INDEX('Validation List'!$H:$H,MATCH(RAW!E20,'Validation List'!$F:$F,0)) -> Jan Week 1 | E20: 45667 | F20: Bonifacio,Melanie Gadia | G20: =VLOOKUP(F20,ML!C20:D606,2,FALSE) -> Robin Antolihao Llamido | H20: =VLOOKUP(F20,ML!C22:E608,3,FALSE) -> QC | I20: Logmao,Nyrene Grace Lozada | J20: Provider | K20: "Status Check-Approved" | L20: INQ-E996407 | M20: 0.94 | N20: 0 | O20: 0 | P20: 0 | Q20: 0 | R20: 0 | S20: 0 | T20: 0 | U20: 0 | V20: 0 | W20: 0 | X20: 1 | Y20: 0 | Z20: 0 | AA20: 0 | AB20: 0 | AC20: 0 | AD20: 0 | AE20: 0 | AF20: 0 | AG20: 0 | AH20: 0 | AI20: 0 | AJ20: 0 | AK20: 0 | AL20: 0 | AM20: 0 | AN20: 0 | AO20: 0 | AP20: 0 | AQ20: 0 | AR20: 0 | AS20: 0 | AT20: 0 | AU20: 0 | AV20: 0 | AW20: 0 | AX20: 0 | AY20: 0 | AZ20: 0 | BA20: 0 | BB20: 0 | BC20: 0 | BD20: 0 | BE20: 0 | BF20: 0 | BG20: 0 | BH20: 0 | BI20: 0 | BJ20: 0 | BK20: 0 | BL20: 0 | BM20: 0 | BN20: 0 | BO20: 0 | BP20: 0 | BQ20: 0 | BR20: 0 | BS20: 0 | BT20: 0 | BU20: 0 | BV20: 0 | BW20: 0 | BX20: 0 | BY20: 0 | BZ20: 0 | CA20: 0 | CB20: 0 | CC20: 0 | CD20: 0 | CE20: 0 | CF20: 0 | CG20: 0 | CH20: 0 | CI20: 0 | CJ20: 0 | CK20: 0 | CL20: 0 | CM20: 0 | CN20: 0 | CO20: 0 | CP20: 0 | CQ20: 0 | CR20: 0 | CS20: 0 | CT20: 0 | CU20: 0 | CV20: 0 | CW20: 0 | CX20: 0 | CY20: 0 | CZ20: 0 | DA20: 0 | DB20: 0 | DC20: 0 | DD20: 0 | DE20: 0 | DF20: 0 | DG20: 0 | DH20: 0 | DI20: 0 | DJ20: 0 | DK20: 0 | DL20: 0 | DM20: 0 | DN20: 0 | DO20: 0 | DP20: 0 | DQ20: 0 | DR20: 0 | DS20: 0 | DT20: 0 | DU20: 0 | DV20: 0 | DW20: 0 | DX20: 0 | DY20: 0 | DZ20: 0 | EA20: 0
A21: =VLOOKUP(E21,'Validation List'!F22:G417,2,FALSE) -> January | B21: =INDEX('NEW HIRE ROSTER'!$G:$G,MATCH(RAW!F21,'NEW HIRE ROSTER'!$A:$A,0)) -> Nesting | C21: =INDEX('NEW HIRE ROSTER'!$F:$F,MATCH(RAW!F21,'NEW HIRE ROSTER'!$A:$A,0)) -> Class 11.1 | D21: =INDEX('Validation List'!$H:$H,MATCH(RAW!E21,'Validation List'!$F:$F,0)) -> Jan Week 1 | E21: 45667 | F21: Austria,Effie Galang | G21: =VLOOKUP(F21,ML!C21:D607,2,FALSE) -> Robin Antolihao Llamido | H21: =VLOOKUP(F21,ML!C23:E609,3,FALSE) -> QC | I21: Logmao,Nyrene Grace Lozada | J21: Provider | K21: "Call - Related to PA" | L21: PA-E2308486 | M21: 0.94 | N21: 0 | O21: 0 | P21: 0 | Q21: 0 | R21: 0 | S21: 0 | T21: 0 | U21: 0 | V21: 0 | W21: 0 | X21: 1 | Y21: 0 | Z21: 0 | AA21: 0 | AB21: 0 | AC21: 0 | AD21: 0 | AE21: 0 | AF21: 0 | AG21: 0 | AH21: 0 | AI21: 0 | AJ21: 0 | AK21: 0 | AL21: 0 | AM21: 0 | AN21: 0 | AO21: 0 | AP21: 0 | AQ21: 0 | AR21: 0 | AS21: 0 | AT21: 0 | AU21: 0 | AV21: 0 | AW21: 0 | AX21: 0 | AY21: 0 | AZ21: 0 | BA21: 0 | BB21: 0 | BC21: 0 | BD21: 0 | BE21: 0 | BF21: 0 | BG21: 0 | BH21: 0 | BI21: 0 | BJ21: 0 | BK21: 0 | BL21: 0 | BM21: 0 | BN21: 0 | BO21: 0 | BP21: 0 | BQ21: 0 | BR21: 0 | BS21: 0 | BT21: 0 | BU21: 0 | BV21: 0 | BW21: 0 | BX21: 0 | BY21: 0 | BZ21: 0 | CA21: 0 | CB21: 0 | CC21: 0 | CD21: 0 | CE21: 0 | CF21: 0 | CG21: 0 | CH21: 0 | CI21: 0 | CJ21: 0 | CK21: 0 | CL21: 0 | CM21: 0 | CN21: 0 | CO21: 0 | CP21: 0 | CQ21: 0 | CR21: 0 | CS21: 0 | CT21: 0 | CU21: 0 | CV21: 0 | CW21: 0 | CX21: 0 | CY21: 0 | CZ21: 0 | DA21: 0 | DB21: 0 | DC21: 0 | DD21: 0 | DE21: 0 | DF21: 0 | DG21: 0 | DH21: 0 | DI21: 0 | DJ21: 0 | DK21: 0 | DL21: 0 | DM21: 0 | DN21: 0 | DO21: 0 | DP21: 0 | DQ21: 0 | DR21: 0 | DS21: 0 | DT21: 0 | DU21: 0 | DV21: 0 | DW21: 0 | DX21: 0 | DY21: 0 | DZ21: 0 | EA21: 0
A22: =VLOOKUP(E22,'Validation List'!F23:G418,2,FALSE) -> January | B22: =INDEX('NEW HIRE ROSTER'!$G:$G,MATCH(RAW!F22,'NEW HIRE ROSTER'!$A:$A,0)) -> Nesting | C22: =INDEX('NEW HIRE ROSTER'!$F:$F,MATCH(RAW!F22,'NEW HIRE ROSTER'!$A:$A,0)) -> Class 11.2 | D22: =INDEX('Validation List'!$H:$H,MATCH(RAW!E22,'Validation List'!$F:$F,0)) -> Jan Week 1 | E22: 45666 | F22: Ramos,Ruth Marionne Dalut | G22: =VLOOKUP(F22,ML!C22:D608,2,FALSE) -> Khyno Elimanco Cortez | H22: =VLOOKUP(F22,ML!C24:E610,3,FALSE) -> QC | I22: Napay,Rowena Joice Baguios | J22: Provider | K22: "Call - Related to PA" | L22: INQ-E964501 | M22: 0.99 | N22: 0 | O22: 0 | P22: 0 | Q22: 0 | R22: 0 | S22: 0 | T22: 0 | U22: 0 | V22: 0 | W22: 0 | X22: 0 | Y22: 0 | Z22: 0 | AA22: 0 | AB22: 0 | AC22: 0 | AD22: 0 | AE22: 0 | AF22: 0 | AG22: 0 | AH22: 0 | AI22: 0 | AJ22: 0 | AK22: 0 | AL22: 0 | AM22: 0 | AN22: 0 | AO22: 0 | AP22: 0 | AQ22: 0 | AR22: 0 | AS22: 0 | AT22: 0 | AU22: 0 | AV22: 0 | AW22: 0 | AX22: 0 | AY22: 0 | AZ22: 0 | BA22: 0 | BB22: 0 | BC22: 0 | BD22: 0 | BE22: 0 | BF22: 0 | BG22: 0 | BH22: 0 | BI22: 0 | BJ22: 0 | BK22: 0 | BL22: 0 | BM22: 0 | BN22: 0 | BO22: 0 | BP22: 0 | BQ22: 0 | BR22: 0 | BS22: 0 | BT22: 0 | BU22: 0 | BV22: 0 | BW22: 0 | BX22: 0 | BY22: 0 | BZ22: 0 | CA22: 0 | CB22: 0 | CC22: 0 | CD22: 0 | CE22: 0 | CF22: 0 | CG22: 0 | CH22: 0 | CI22: 0 | CJ22: 0 | CK22: 0 | CL22: 0 | CM22: 0 | CN22: 0 | CO22: 0 | CP22: 0 | CQ22: 0 | CR22: 0 | CS22: 0 | CT22: 0 | CU22: 1 | CV22: 0 | CW22: 0 | CX22: 0 | CY22: 0 | CZ22: 0 | DA22: 0 | DB22: 0 | DC22: 0 | DD22: 0 | DE22: 0 | DF22: 0 | DG22: 0 | DH22: 0 | DI22: 0 | DJ22: 0 | DK22: 0 | DL22: 0 | DM22: 0 | DN22: 0 | DO22: 0 | DP22: 0 | DQ22: 0 | DR22: 0 | DS22: 0 | DT22: 0 | DU22: 0 | DV22: 0 | DW22: 0 | DX22: 0 | DY22: 0 | DZ22: 0 | EA22: 0
A23: =VLOOKUP(E23,'Validation List'!F24:G419,2,FALSE) -> January | B23: =INDEX('NEW HIRE ROSTER'!$G:$G,MATCH(RAW!F23,'NEW HIRE ROSTER'!$A:$A,0)) -> Nesting | C23: =INDEX('NEW HIRE ROSTER'!$F:$F,MATCH(RAW!F23,'NEW HIRE ROSTER'!$A:$A,0)) -> Class 11.2 | D23: =INDEX('Validation List'!$H:$H,MATCH(RAW!E23,'Validation List'!$F:$F,0)) -> Jan Week 1 | E23: 45666 | F23: Ramos,Ruth Marionne Dalut | G23: =VLOOKUP(F23,ML!C23:D609,2,FALSE) -> Khyno Elimanco Cortez | H23: =VLOOKUP(F23,ML!C25:E611,3,FALSE) -> QC | I23: Napay,Rowena Joice Baguios | J23: Provider | K23: "Status Check-Approved" | L23: INQ-E965084 | M23: 0.99 | N23: 0 | O23: 0 | P23: 0 | Q23: 0 | R23: 0 | S23: 0 | T23: 0 | U23: 0 | V23: 0 | W23: 0 | X23: 0 | Y23: 0 | Z23: 0 | AA23: 0 | AB23: 0 | AC23: 0 | AD23: 0 | AE23: 0 | AF23: 0 | AG23: 0 | AH23: 0 | AI23: 0 | AJ23: 0 | AK23: 0 | AL23: 0 | AM23: 0 | AN23: 0 | AO23: 0 | AP23: 0 | AQ23: 0 | AR23: 0 | AS23: 0 | AT23: 0 | AU23: 0 | AV23: 0 | AW23: 0 | AX23: 0 | AY23: 0 | AZ23: 0 | BA23: 0 | BB23: 0 | BC23: 0 | BD23: 0 | BE23: 0 | BF23: 0 | BG23: 0 | BH23: 0 | BI23: 0 | BJ23: 0 | BK23: 0 | BL23: 0 | BM23: 0 | BN23: 0 | BO23: 0 | BP23: 0 | BQ23: 0 | BR23: 0 | BS23: 0 | BT23: 0 | BU23: 0 | BV23: 0 | BW23: 0 | BX23: 0 | BY23: 0 | BZ23: 0 | CA23: 0 | CB23: 0 | CC23: 0 | CD23: 0 | CE23: 0 | CF23: 0 | CG23: 0 | CH23: 0 | CI23: 0 | CJ23: 0 | CK23: 0 | CL23: 0 | CM23: 0 | CN23: 0 | CO23: 0 | CP23: 0 | CQ23: 0 | CR23: 0 | CS23: 0 | CT23: 0 | CU23: 1 | CV23: 0 | CW23: 0 | CX23: 0 | CY23: 0 | CZ23: 0 | DA23: 0 | DB23: 0 | DC23: 0 | DD23: 0 | DE23: 0 | DF23: 0 | DG23: 0 | DH23: 0 | DI23: 0 | DJ23: 0 | DK23: 0 | DL23: 0 | DM23: 0 | DN23: 0 | DO23: 0 | DP23: 0 | DQ23: 0 | DR23: 0 | DS23: 0 | DT23: 0 | DU23: 0 | DV23: 0 | DW23: 0 | DX23: 0 | DY23: 0 | DZ23: 0 | EA23: 0
... A37: =VLOOKUP(E37,'Validation List'!F38:G433,2,FALSE) -> January | B37: =INDEX('NEW HIRE ROSTER'!$G:$G,MATCH(RAW!F37,'NEW HIRE ROSTER'!$A:$A,0)) -> RAMP | C37: =INDEX('NEW HIRE ROSTER'!$F:$F,MATCH(RAW!F37,'NEW HIRE ROSTER'!$A:$A,0)) -> Class 10 | D37: =INDEX('Validation List'!$H:$H,MATCH(RAW!E37,'Validation List'!$F:$F,0)) -> Jan Week 2 | E37: 45670 | F37: Cubillas,Chenne Biazon | G37: =VLOOKUP(F37,ML!C37:D623,2,FALSE) -> Jeric Amazona Mansibang | H37: =VLOOKUP(F37,ML!C39:E625,3,FALSE) -> QC | I37: Santos,Jennilyn Chan | J37: Provider | K37: "Call Transferred" | L37: INQ-F027089 | M37: 1 | N37: 0 | O37: 0 | P37: 0 | Q37: 0 | R37: 0 | S37: 0 | T37: 0 | U37: 0 | V37: 0 | W37: 0 | X37: 0 | Y37: 0 | Z37: 0 | AA37: 0 | AB37: 0 | AC37: 0 | AD37: 0 | AE37: 0 | AF37: 0 | AG37: 0 | AH37: 0 | AI37: 0 | AJ37: 0 | AK37: 0 | AL37: 0 | AM37: 0 | AN37: 0 | AO37: 0 | AP37: 0 | AQ37: 0 | AR37: 0 | AS37: 0 | AT37: 0 | AU37: 0 | AV37: 0 | AW37: 0 | AX37: 0 | AY37: 0 | AZ37: 0 | BA37: 0 | BB37: 0 | BC37: 0 | BD37: 0 | BE37: 0 | BF37: 0 | BG37: 0 | BH37: 0 | BI37: 0 | BJ37: 0 | BK37: 0 | BL37: 0 | BM37: 0 | BN37: 0 | BO37: 0 | BP37: 0 | BQ37: 0 | BR37: 0 | BS37: 0 | BT37: 0 | BU37: 0 | BV37: 0 | BW37: 0 | BX37: 0 | BY37: 0 | BZ37: 0 | CA37: 0 | CB37: 0 | CC37: 0 | CD37: 0 | CE37: 0 | CF37: 0 | CG37: 0 | CH37: 0 | CI37: 0 | CJ37: 0 | CK37: 0 | CL37: 0 | CM37: 0 | CN37: 0 | CO37: 0 | CP37: 0 | CQ37: 0 | CR37: 0 | CS37: 0 | CT37: 0 | CU37: 0 | CV37: 0 | CW37: 0 | CX37: 0 | CY37: 0 | CZ37: 0 | DA37: 0 | DB37: 0 | DC37: 0 | DD37: 0 | DE37: 0 | DF37: 0 | DG37: 0 | DH37: 0 | DI37: 0 | DJ37: 0 | DK37: 0 | DL37: 0 | DM37: 0 | DN37: 0 | DO37: 0 | DP37: 0 | DQ37: 0 | DR37: 0 | DS37: 0 | DT37: 0 | DU37: 0 | DV37: 0 | DW37: 0 | DX37: 0 | DY37: 0 | DZ37: 0 | EA37: 0
A38: =VLOOKUP(E38,'Validation List'!F39:G434,2,FALSE) -> January | B38: =INDEX('NEW HIRE ROSTER'!$G:$G,MATCH(RAW!F38,'NEW HIRE ROSTER'!$A:$A,0)) -> RAMP | C38: =INDEX('NEW HIRE ROSTER'!$F:$F,MATCH(RAW!F38,'NEW HIRE ROSTER'!$A:$A,0)) -> Class 10 | D38: =INDEX('Validation List'!$H:$H,MATCH(RAW!E38,'Validation List'!$F:$F,0)) -> Jan Week 2 | E38: 45670 | F38: Bihag,Floriebel Dellona | G38: =VLOOKUP(F38,ML!C2:D600,2,FALSE) -> Jeric Amazona Mansibang | H38: =VLOOKUP(F38,ML!C2:E600,3,FALSE) -> QC | I38: Santos,Jennilyn Chan | J38: Provider | K38: New PA Initiation | L38: PA-E2425554 | M38: 1 | N38: 0 | O38: 0 | P38: 0 | Q38: 0 | R38: 0 | S38: 0 | T38: 0 | U38: 0 | V38: 0 | W38: 0 | X38: 0 | Y38: 0 | Z38: 0 | AA38: 0 | AB38: 0 | AC38: 0 | AD38: 0 | AE38: 0 | AF38: 0 | AG38: 0 | AH38: 0 | AI38: 0 | AJ38: 0 | AK38: 0 | AL38: 0 | AM38: 0 | AN38: 0 | AO38: 0 | AP38: 0 | AQ38: 0 | AR38: 0 | AS38: 0 | AT38: 0 | AU38: 0 | AV38: 0 | AW38: 0 | AX38: 0 | AY38: 0 | AZ38: 0 | BA38: 0 | BB38: 0 | BC38: 0 | BD38: 0 | BE38: 0 | BF38: 0 | BG38: 0 | BH38: 0 | BI38: 0 | BJ38: 0 | BK38: 0 | BL38: 0 | BM38: 0 | BN38: 0 | BO38: 0 | BP38: 0 | BQ38: 0 | BR38: 0 | BS38: 0 | BT38: 0 | BU38: 0 | BV38: 0 | BW38: 0 | BX38: 0 | BY38: 0 | BZ38: 0 | CA38: 0 | CB38: 0 | CC38: 0 | CD38: 0 | CE38: 0 | CF38: 0 | CG38: 0 | CH38: 0 | CI38: 0 | CJ38: 0 | CK38: 0 | CL38: 0 | CM38: 0 | CN38: 0 | CO38: 0 | CP38: 0 | CQ38: 0 | CR38: 0 | CS38: 0 | CT38: 0 | CU38: 0 | CV38: 0 | CW38: 0 | CX38: 0 | CY38: 0 | CZ38: 0 | DA38: 0 | DB38: 0 | DC38: 0 | DD38: 0 | DE38: 0 | DF38: 0 | DG38: 0 | DH38: 0 | DI38: 0 | DJ38: 0 | DK38: 0 | DL38: 0 | DM38: 0 | DN38: 0 | DO38: 0 | DP38: 0 | DQ38: 0 | DR38: 0 | DS38: 0 | DT38: 0 | DU38: 0 | DV38: 0 | DW38: 0 | DX38: 0 | DY38: 0 | DZ38: 0 | EA38: 0
A39: =VLOOKUP(E39,'Validation List'!F40:G435,2,FALSE) -> January | B39: =INDEX('NEW HIRE ROSTER'!$G:$G,MATCH(RAW!F39,'NEW HIRE ROSTER'!$A:$A,0)) -> RAMP | C39: =INDEX('NEW HIRE ROSTER'!$F:$F,MATCH(RAW!F39,'NEW HIRE ROSTER'!$A:$A,0)) -> Class 10 | D39: =INDEX('Validation List'!$H:$H,MATCH(RAW!E39,'Validation List'!$F:$F,0)) -> Jan Week 2 | E39: 45670 | F39: Bihag,Floriebel Dellona | G39: =VLOOKUP(F39,ML!C3:D601,2,FALSE) -> Jeric Amazona Mansibang | H39: =VLOOKUP(F39,ML!C3:E601,3,FALSE) -> QC | I39: Santos,Jennilyn Chan | J39: Provider | K39: New PA Initiation | L39: PA-E2423570 | M39: 1 | N39: 0 | O39: 0 | P39: 0 | Q39: 0 | R39: 0 | S39: 0 | T39: 0 | U39: 0 | V39: 0 | W39: 0 | X39: 0 | Y39: 0 | Z39: 0 | AA39: 0 | AB39: 0 | AC39: 0 | AD39: 0 | AE39: 0 | AF39: 0 | AG39: 0 | AH39: 0 | AI39: 0 | AJ39: 0 | AK39: 0 | AL39: 0 | AM39: 0 | AN39: 0 | AO39: 0 | AP39: 0 | AQ39: 0 | AR39: 0 | AS39: 0 | AT39: 0 | AU39: 0 | AV39: 0 | AW39: 0 | AX39: 0 | AY39: 0 | AZ39: 0 | BA39: 0 | BB39: 0 | BC39: 0 | BD39: 0 | BE39: 0 | BF39: 0 | BG39: 0 | BH39: 0 | BI39: 0 | BJ39: 0 | BK39: 0 | BL39: 0 | BM39: 0 | BN39: 0 | BO39: 0 | BP39: 0 | BQ39: 0 | BR39: 0 | BS39: 0 | BT39: 0 | BU39: 0 | BV39: 0 | BW39: 0 | BX39: 0 | BY39: 0 | BZ39: 0 | CA39: 0 | CB39: 0 | CC39: 0 | CD39: 0 | CE39: 0 | CF39: 0 | CG39: 0 | CH39: 0 | CI39: 0 | CJ39: 0 | CK39: 0 | CL39: 0 | CM39: 0 | CN39: 0 | CO39: 0 | CP39: 0 | CQ39: 0 | CR39: 0 | CS39: 0 | CT39: 0 | CU39: 0 | CV39: 0 | CW39: 0 | CX39: 0 | CY39: 0 | CZ39: 0 | DA39: 0 | DB39: 0 | DC39: 0 | DD39: 0 | DE39: 0 | DF39: 0 | DG39: 0 | DH39: 0 | DI39: 0 | DJ39: 0 | DK39: 0 | DL39: 0 | DM39: 0 | DN39: 0 | DO39: 0 | DP39: 0 | DQ39: 0 | DR39: 0 | DS39: 0 | DT39: 0 | DU39: 0 | DV39: 0 | DW39: 0 | DX39: 0 | DY39: 0 | DZ39: 0 | EA39: 0
A40: =VLOOKUP(E40,'Validation List'!F41:G436,2,FALSE) -> January | B40: =INDEX('NEW HIRE ROSTER'!$G:$G,MATCH(RAW!F40,'NEW HIRE ROSTER'!$A:$A,0)) -> RAMP | C40: =INDEX('NEW HIRE ROSTER'!$F:$F,MATCH(RAW!F40,'NEW HIRE ROSTER'!$A:$A,0)) -> Class 10 | D40: =INDEX('Validation List'!$H:$H,MATCH(RAW!E40,'Validation List'!$F:$F,0)) -> Jan Week 2 | E40: 45670 | F40: Bihag,Floriebel Dellona | G40: =VLOOKUP(F40,ML!C4:D602,2,FALSE) -> Jeric Amazona Mansibang | H40: =VLOOKUP(F40,ML!C4:E602,3,FALSE) -> QC | I40: Santos,Jennilyn Chan | J40: Provider | K40: New PA Initiation | L40: PA-E2404635 | M40: 1 | N40: 0 | O40: 0 | P40: 0 | Q40: 0 | R40: 0 | S40: 0 | T40: 0 | U40: 0 | V40: 0 | W40: 0 | X40: 0 | Y40: 0 | Z40: 0 | AA40: 0 | AB40: 0 | AC40: 0 | AD40: 0 | AE40: 0 | AF40: 0 | AG40: 0 | AH40: 0 | AI40: 0 | AJ40: 0 | AK40: 0 | AL40: 0 | AM40: 0 | AN40: 0 | AO40: 0 | AP40: 0 | AQ40: 0 | AR40: 0 | AS40: 0 | AT40: 0 | AU40: 0 | AV40: 0 | AW40: 0 | AX40: 0 | AY40: 0 | AZ40: 0 | BA40: 0 | BB40: 0 | BC40: 0 | BD40: 0 | BE40: 0 | BF40: 0 | BG40: 0 | BH40: 0 | BI40: 0 | BJ40: 0 | BK40: 0 | BL40: 0 | BM40: 0 | BN40: 0 | BO40: 0 | BP40: 0 | BQ40: 0 | BR40: 0 | BS40: 0 | BT40: 0 | BU40: 0 | BV40: 0 | BW40: 0 | BX40: 0 | BY40: 0 | BZ40: 0 | CA40: 0 | CB40: 0 | CC40: 0 | CD40: 0 | CE40: 0 | CF40: 0 | CG40: 0 | CH40: 0 | CI40: 0 | CJ40: 0 | CK40: 0 | CL40: 0 | CM40: 0 | CN40: 0 | CO40: 0 | CP40: 0 | CQ40: 0 | CR40: 0 | CS40: 0 | CT40: 0 | CU40: 0 | CV40: 0 | CW40: 0 | CX40: 0 | CY40: 0 | CZ40: 0 | DA40: 0 | DB40: 0 | DC40: 0 | DD40: 0 | DE40: 0 | DF40: 0 | DG40: 0 | DH40: 0 | DI40: 0 | DJ40: 0 | DK40: 0 | DL40: 0 | DM40: 0 | DN40: 0 | DO40: 0 | DP40: 0 | DQ40: 0 | DR40: 0 | DS40: 0 | DT40: 0 | DU40: 0 | DV40: 0 | DW40: 0 | DX40: 0 | DY40: 0 | DZ40: 0 | EA40: 0
A41: =VLOOKUP(E41,'Validation List'!F42:G437,2,FALSE) -> #N/A | B41: =INDEX('NEW HIRE ROSTER'!$G:$G,MATCH(RAW!F41,'NEW HIRE ROSTER'!$A:$A,0)) -> RAMP | C41: =INDEX('NEW HIRE ROSTER'!$F:$F,MATCH(RAW!F41,'NEW HIRE ROSTER'!$A:$A,0)) -> Class 8 | D41: =INDEX('Validation List'!$H:$H,MATCH(RAW!E41,'Validation List'!$F:$F,0)) -> Jan Week 1 | E41: 45659 | F41: Campanilla,Brennan Roy Solis | G41: =VLOOKUP(F41,ML!C5:D603,2,FALSE) -> Cres Marvin Alexander Alvaro | H41: =VLOOKUP(F41,ML!C5:E603,3,FALSE) -> CEBU | I41: Jumamoy,Zyrelle Brylle | J41: Provider | K41: "Call - Related to PA" | L41: INQ-E851695 | M41: 1 | N41: 0 | O41: 0 | P41: 0 | Q41: 0 | R41: 0 | S41: 0 | T41: 0 | U41: 0 | V41: 0 | W41: 0 | X41: 0 | Y41: 0 | Z41: 0 | AA41: 0 | AB41: 0 | AC41: 0 | AD41: 0 | AE41: 0 | AF41: 0 | AG41: 0 | AH41: 0 | AI41: 0 | AJ41: 0 | AK41: 0 | AL41: 0 | AM41: 0 | AN41: 0 | AO41: 0 | AP41: 0 | AQ41: 0 | AR41: 0 | AS41: 0 | AT41: 0 | AU41: 0 | AV41: 0 | AW41: 0 | AX41: 0 | AY41: 0 | AZ41: 0 | BA41: 0 | BB41: 0 | BC41: 0 | BD41: 0 | BE41: 0 | BF41: 0 | BG41: 0 | BH41: 0 | BI41: 0 | BJ41: 0 | BK41: 0 | BL41: 0 | BM41: 0 | BN41: 0 | BO41: 0 | BP41: 0 | BQ41: 0 | BR41: 0 | BS41: 0 | BT41: 0 | BU41: 0 | BV41: 0 | BW41: 0 | BX41: 0 | BY41: 0 | BZ41: 0 | CA41: 0 | CB41: 0 | CC41: 0 | CD41: 0 | CE41: 0 | CF41: 0 | CG41: 0 | CH41: 0 | CI41: 0 | CJ41: 0 | CK41: 0 | CL41: 0 | CM41: 0 | CN41: 0 | CO41: 0 | CP41: 0 | CQ41: 0 | CR41: 0 | CS41: 0 | CT41: 0 | CU41: 0 | CV41: 0 | CW41: 0 | CX41: 0 | CY41: 0 | CZ41: 0 | DA41: 0 | DB41: 0 | DC41: 0 | DD41: 0 | DE41: 0 | DF41: 0 | DG41: 0 | DH41: 0 | DI41: 0 | DJ41: 0 | DK41: 0 | DL41: 0 | DM41: 0 | DN41: 0 | DO41: 0 | DP41: 0 | DQ41: 0 | DR41: 0 | DS41: 0 | DT41: 0 | DU41: 0 | DV41: 0 | DW41: 0 | DX41: 0 | DY41: 0 | DZ41: 0 | EA41: 0
A42: =VLOOKUP(E42,'Validation List'!F43:G438,2,FALSE) -> #N/A | B42: =INDEX('NEW HIRE ROSTER'!$G:$G,MATCH(RAW!F42,'NEW HIRE ROSTER'!$A:$A,0)) -> RAMP | C42: =INDEX('NEW HIRE ROSTER'!$F:$F,MATCH(RAW!F42,'NEW HIRE ROSTER'!$A:$A,0)) -> Class 8 | D42: =INDEX('Validation List'!$H:$H,MATCH(RAW!E42,'Validation List'!$F:$F,0)) -> Jan Week 1 | E42: 45660 | F42: Tizon,Hannah Allysa Daffon | G42: =VLOOKUP(F42,ML!C6:D604,2,FALSE) -> Cres Marvin Alexander Alvaro | H42: =VLOOKUP(F42,ML!C6:E604,3,FALSE) -> CEBU | I42: Jumamoy,Zyrelle Brylle | J42: Provider | K42: "Call - Related to PA" | L42: INQ-E873134 | M42: 1 | N42: 0 | O42: 0 | P42: 0 | Q42: 0 | R42: 0 | S42: 0 | T42: 0 | U42: 0 | V42: 0 | W42: 0 | X42: 0 | Y42: 0 | Z42: 0 | AA42: 0 | AB42: 0 | AC42: 0 | AD42: 0 | AE42: 0 | AF42: 0 | AG42: 0 | AH42: 0 | AI42: 0 | AJ42: 0 | AK42: 0 | AL42: 0 | AM42: 0 | AN42: 0 | AO42: 0 | AP42: 0 | AQ42: 0 | AR42: 0 | AS42: 0 | AT42: 0 | AU42: 0 | AV42: 0 | AW42: 0 | AX42: 0 | AY42: 0 | AZ42: 0 | BA42: 0 | BB42: 0 | BC42: 0 | BD42: 0 | BE42: 0 | BF42: 0 | BG42: 0 | BH42: 0 | BI42: 0 | BJ42: 0 | BK42: 0 | BL42: 0 | BM42: 0 | BN42: 0 | BO42: 0 | BP42: 0 | BQ42: 0 | BR42: 0 | BS42: 0 | BT42: 0 | BU42: 0 | BV42: 0 | BW42: 0 | BX42: 0 | BY42: 0 | BZ42: 0 | CA42: 0 | CB42: 0 | CC42: 0 | CD42: 0 | CE42: 0 | CF42: 0 | CG42: 0 | CH42: 0 | CI42: 0 | CJ42: 0 | CK42: 0 | CL42: 0 | CM42: 0 | CN42: 0 | CO42: 0 | CP42: 0 | CQ42: 0 | CR42: 0 | CS42: 0 | CT42: 0 | CU42: 0 | CV42: 0 | CW42: 0 | CX42: 0 | CY42: 0 | CZ42: 0 | DA42: 0 | DB42: 0 | DC42: 0 | DD42: 0 | DE42: 0 | DF42: 0 | DG42: 0 | DH42: 0 | DI42: 0 | DJ42: 0 | DK42: 0 | DL42: 0 | DM42: 0 | DN42: 0 | DO42: 0 | DP42: 0 | DQ42: 0 | DR42: 0 | DS42: 0 | DT42: 0 | DU42: 0 | DV42: 0 | DW42: 0 | DX42: 0 | DY42: 0 | DZ42: 0 | EA42: 0
A43: =VLOOKUP(E43,'Validation List'!F44:G439,2,FALSE) -> #N/A | B43: =INDEX('NEW HIRE ROSTER'!$G:$G,MATCH(RAW!F43,'NEW HIRE ROSTER'!$A:$A,0)) -> RAMP | C43: =INDEX('NEW HIRE ROSTER'!$F:$F,MATCH(RAW!F43,'NEW HIRE ROSTER'!$A:$A,0)) -> Class 8 | D43: =INDEX('Validation List'!$H:$H,MATCH(RAW!E43,'Validation List'!$F:$F,0)) -> Jan Week 1 | E43: 45663 | F43: Lucresia,Sheena Estorba | G43: =VLOOKUP(F43,ML!C7:D605,2,FALSE) -> Cres Marvin Alexander Alvaro | H43: =VLOOKUP(F43,ML!C7:E605,3,FALSE) -> CEBU | I43: Jumamoy,Zyrelle Brylle | J43: Provider | K43: "Call - Related to PA" | L43: INQ-E896084 | M43: 1 | N43: 0 | O43: 0 | P43: 0 | Q43: 0 | R43: 0 | S43: 0 | T43: 0 | U43: 0 | V43: 0 | W43: 0 | X43: 0 | Y43: 0 | Z43: 0 | AA43: 0 | AB43: 0 | AC43: 0 | AD43: 0 | AE43: 0 | AF43: 0 | AG43: 0 | AH43: 0 | AI43: 0 | AJ43: 0 | AK43: 0 | AL43: 0 | AM43: 0 | AN43: 0 | AO43: 0 | AP43: 0 | AQ43: 0 | AR43: 0 | AS43: 0 | AT43: 0 | AU43: 0 | AV43: 0 | AW43: 0 | AX43: 0 | AY43: 0 | AZ43: 0 | BA43: 0 | BB43: 0 | BC43: 0 | BD43: 0 | BE43: 0 | BF43: 0 | BG43: 0 | BH43: 0 | BI43: 0 | BJ43: 0 | BK43: 0 | BL43: 0 | BM43: 0 | BN43: 0 | BO43: 0 | BP43: 0 | BQ43: 0 | BR43: 0 | BS43: 0 | BT43: 0 | BU43: 0 | BV43: 0 | BW43: 0 | BX43: 0 | BY43: 0 | BZ43: 0 | CA43: 0 | CB43: 0 | CC43: 0 | CD43: 0 | CE43: 0 | CF43: 0 | CG43: 0 | CH43: 0 | CI43: 0 | CJ43: 0 | CK43: 0 | CL43: 0 | CM43: 0 | CN43: 0 | CO43: 0 | CP43: 0 | CQ43: 0 | CR43: 0 | CS43: 0 | CT43: 0 | CU43: 0 | CV43: 0 | CW43: 0 | CX43: 0 | CY43: 0 | CZ43: 0 | DA43: 0 | DB43: 0 | DC43: 0 | DD43: 0 | DE43: 0 | DF43: 0 | DG43: 0 | DH43: 0 | DI43: 0 | DJ43: 0 | DK43: 0 | DL43: 0 | DM43: 0 | DN43: 0 | DO43: 0 | DP43: 0 | DQ43: 0 | DR43: 0 | DS43: 0 | DT43: 0 | DU43: 0 | DV43: 0 | DW43: 0 | DX43: 0 | DY43: 0 | DZ43: 0 | EA43: 0
A44: =VLOOKUP(E44,'Validation List'!F45:G440,2,FALSE) -> #N/A | B44: =INDEX('NEW HIRE ROSTER'!$G:$G,MATCH(RAW!F44,'NEW HIRE ROSTER'!$A:$A,0)) -> RAMP | C44: =INDEX('NEW HIRE ROSTER'!$F:$F,MATCH(RAW!F44,'NEW HIRE ROSTER'!$A:$A,0)) -> Class 8 | D44: =INDEX('Validation List'!$H:$H,MATCH(RAW!E44,'Validation List'!$F:$F,0)) -> Jan Week 1 | E44: 45663 | F44: Faciol,Felicity Dawn Jabonite | G44: =VLOOKUP(F44,ML!C8:D606,2,FALSE) -> Cres Marvin Alexander Alvaro | H44: =VLOOKUP(F44,ML!C8:E606,3,FALSE) -> CEBU | I44: Jumamoy,Zyrelle Brylle | J44: Provider | K44: New PA Initiation | L44: INQ-E897174, PA-E1957287 | M44: 1 | N44: 0 | O44: 0 | P44: 0 | Q44: 0 | R44: 0 | S44: 0 | T44: 0 | U44: 0 | V44: 0 | W44: 0 | X44: 0 | Y44: 0 | Z44: 0 | AA44: 0 | AB44: 0 | AC44: 0 | AD44: 0 | AE44: 0 | AF44: 0 | AG44: 0 | AH44: 0 | AI44: 0 | AJ44: 0 | AK44: 0 | AL44: 0 | AM44: 0 | AN44: 0 | AO44: 0 | AP44: 0 | AQ44: 0 | AR44: 0 | AS44: 0 | AT44: 0 | AU44: 0 | AV44: 0 | AW44: 0 | AX44: 0 | AY44: 0 | AZ44: 0 | BA44: 0 | BB44: 0 | BC44: 0 | BD44: 0 | BE44: 0 | BF44: 0 | BG44: 0 | BH44: 0 | BI44: 0 | BJ44: 0 | BK44: 0 | BL44: 0 | BM44: 0 | BN44: 0 | BO44: 0 | BP44: 0 | BQ44: 0 | BR44: 0 | BS44: 0 | BT44: 0 | BU44: 0 | BV44: 0 | BW44: 0 | BX44: 0 | BY44: 0 | BZ44: 0 | CA44: 0 | CB44: 0 | CC44: 0 | CD44: 0 | CE44: 0 | CF44: 0 | CG44: 0 | CH44: 0 | CI44: 0 | CJ44: 0 | CK44: 0 | CL44: 0 | CM44: 0 | CN44: 0 | CO44: 0 | CP44: 0 | CQ44: 0 | CR44: 0 | CS44: 0 | CT44: 0 | CU44: 0 | CV44: 0 | CW44: 0 | CX44: 0 | CY44: 0 | CZ44: 0 | DA44: 0 | DB44: 0 | DC44: 0 | DD44: 0 | DE44: 0 | DF44: 0 | DG44: 0 | DH44: 0 | DI44: 0 | DJ44: 0 | DK44: 0 | DL44: 0 | DM44: 0 | DN44: 0 | DO44: 0 | DP44: 0 | DQ44: 0 | DR44: 0 | DS44: 0 | DT44: 0 | DU44: 0 | DV44: 0 | DW44: 0 | DX44: 0 | DY44: 0 | DZ44: 0 | EA44: 0
A45: =VLOOKUP(E45,'Validation List'!F46:G441,2,FALSE) -> #N/A | B45: =INDEX('NEW HIRE ROSTER'!$G:$G,MATCH(RAW!F45,'NEW HIRE ROSTER'!$A:$A,0)) -> RAMP | C45: =INDEX('NEW HIRE ROSTER'!$F:$F,MATCH(RAW!F45,'NEW HIRE ROSTER'!$A:$A,0)) -> Class 10 | D45: =INDEX('Validation List'!$H:$H,MATCH(RAW!E45,'Validation List'!$F:$F,0)) -> Jan Week 1 | E45: 45664 | F45: Tejada,Jan Jaycle Javillonar | G45: =VLOOKUP(F45,ML!C9:D607,2,FALSE) -> Jeric Amazona Mansibang | H45: =VLOOKUP(F45,ML!C9:E607,3,FALSE) -> QC | I45: Santos,Jennilyn Chan | J45: Provider | K45: New PA Initiation | L45: PA-E204611 | M45: 1 | N45: 0 | O45: 0 | P45: 0 | Q45: 0 | R45: 0 | S45: 0 | T45: 0 | U45: 0 | V45: 0 | W45: 0 | X45: 0 | Y45: 0 | Z45: 0 | AA45: 0 | AB45: 0 | AC45: 0 | AD45: 0 | AE45: 0 | AF45: 0 | AG45: 0 | AH45: 0 | AI45: 0 | AJ45: 0 | AK45: 0 | AL45: 0 | AM45: 0 | AN45: 0 | AO45: 0 | AP45: 0 | AQ45: 0 | AR45: 0 | AS45: 0 | AT45: 0 | AU45: 0 | AV45: 0 | AW45: 0 | AX45: 0 | AY45: 0 | AZ45: 0 | BA45: 0 | BB45: 0 | BC45: 0 | BD45: 0 | BE45: 0 | BF45: 0 | BG45: 0 | BH45: 0 | BI45: 0 | BJ45: 0 | BK45: 0 | BL45: 0 | BM45: 0 | BN45: 0 | BO45: 0 | BP45: 0 | BQ45: 0 | BR45: 0 | BS45: 0 | BT45: 0 | BU45: 0 | BV45: 0 | BW45: 0 | BX45: 0 | BY45: 0 | BZ45: 0 | CA45: 0 | CB45: 0 | CC45: 0 | CD45: 0 | CE45: 0 | CF45: 0 | CG45: 0 | CH45: 0 | CI45: 0 | CJ45: 0 | CK45: 0 | CL45: 0 | CM45: 0 | CN45: 0 | CO45: 0 | CP45: 0 | CQ45: 0 | CR45: 0 | CS45: 0 | CT45: 0 | CU45: 0 | CV45: 0 | CW45: 0 | CX45: 0 | CY45: 0 | CZ45: 0 | DA45: 0 | DB45: 0 | DC45: 0 | DD45: 0 | DE45: 0 | DF45: 0 | DG45: 0 | DH45: 0 | DI45: 0 | DJ45: 0 | DK45: 0 | DL45: 0 | DM45: 0 | DN45: 0 | DO45: 0 | DP45: 0 | DQ45: 0 | DR45: 0 | DS45: 0 | DT45: 0 | DU45: 0 | DV45: 0 | DW45: 0 | DX45: 0 | DY45: 0 | DZ45: 0 | EA45: 0
A46: =VLOOKUP(E46,'Validation List'!F47:G442,2,FALSE) -> #N/A | B46: =INDEX('NEW HIRE ROSTER'!$G:$G,MATCH(RAW!F46,'NEW HIRE ROSTER'!$A:$A,0)) -> Nesting | C46: =INDEX('NEW HIRE ROSTER'!$F:$F,MATCH(RAW!F46,'NEW HIRE ROSTER'!$A:$A,0)) -> Class 11.1 | D46: =INDEX('Validation List'!$H:$H,MATCH(RAW!E46,'Validation List'!$F:$F,0)) -> Jan Week 1 | E46: 45665 | F46: Candelaria,Tyronne Tillain | G46: =VLOOKUP(F46,ML!C10:D608,2,FALSE) -> Robin Antolihao Llamido | H46: =VLOOKUP(F46,ML!C10:E608,3,FALSE) -> QC | I46: Logmao, Nyrene Grace L | J46: Provider | K46: Misrouted Call - Transfer | L46: tcandel2 | M46: 1 | N46: 0 | O46: 0 | P46: 0 | Q46: 0 | R46: 0 | S46: 0 | T46: 0 | U46: 0 | V46: 0 | W46: 0 | X46: 0 | Y46: 0 | Z46: 0 | AA46: 0 | AB46: 0 | AC46: 0 | AD46: 0 | AE46: 0 | AF46: 0 | AG46: 0 | AH46: 0 | AI46: 0 | AJ46: 0 | AK46: 0 | AL46: 0 | AM46: 0 | AN46: 0 | AO46: 0 | AP46: 0 | AQ46: 0 | AR46: 0 | AS46: 0 | AT46: 0 | AU46: 0 | AV46: 0 | AW46: 0 | AX46: 0 | AY46: 0 | AZ46: 0 | BA46: 0 | BB46: 0 | BC46: 0 | BD46: 0 | BE46: 0 | BF46: 0 | BG46: 0 | BH46: 0 | BI46: 0 | BJ46: 0 | BK46: 0 | BL46: 0 | BM46: 0 | BN46: 0 | BO46: 0 | BP46: 0 | BQ46: 0 | BR46: 0 | BS46: 0 | BT46: 0 | BU46: 0 | BV46: 0 | BW46: 0 | BX46: 0 | BY46: 0 | BZ46: 0 | CA46: 0 | CB46: 0 | CC46: 0 | CD46: 0 | CE46: 0 | CF46: 0 | CG46: 0 | CH46: 0 | CI46: 0 | CJ46: 0 | CK46: 0 | CL46: 0 | CM46: 0 | CN46: 0 | CO46: 0 | CP46: 0 | CQ46: 0 | CR46: 0 | CS46: 0 | CT46: 0 | CU46: 0 | CV46: 0 | CW46: 0 | CX46: 0 | CY46: 0 | CZ46: 0 | DA46: 0 | DB46: 0 | DC46: 0 | DD46: 0 | DE46: 0 | DF46: 0 | DG46: 0 | DH46: 0 | DI46: 0 | DJ46: 0 | DK46: 0 | DL46: 0 | DM46: 0 | DN46: 0 | DO46: 0 | DP46: 0 | DQ46: 0 | DR46: 0 | DS46: 0 | DT46: 0 | DU46: 0 | DV46: 0 | DW46: 0 | DX46: 0 | DY46: 0 | DZ46: 0 | EA46: 0
A47: =VLOOKUP(E47,'Validation List'!F48:G443,2,FALSE) -> #N/A | B47: =INDEX('NEW HIRE ROSTER'!$G:$G,MATCH(RAW!F47,'NEW HIRE ROSTER'!$A:$A,0)) -> Nesting | C47: =INDEX('NEW HIRE ROSTER'!$F:$F,MATCH(RAW!F47,'NEW HIRE ROSTER'!$A:$A,0)) -> Class 11.2 | D47: =INDEX('Validation List'!$H:$H,MATCH(RAW!E47,'Validation List'!$F:$F,0)) -> Jan Week 2 | E47: 45671 | F47: Gonzales,Elyon Roi Ordonio | G47: =VLOOKUP(F47,ML!C31:D629,2,FALSE) -> Khyno Elimanco Cortez | H47: =VLOOKUP(F47,ML!C31:E629,3,FALSE) -> QC | I47: Gatchalian, Ernie Marie C | J47: Provider | K47: New PA Initiation | L47: INQ-F058751 | M47: 0.94 | N47: 0 | O47: 0 | P47: 0 | Q47: 0 | R47: 0 | S47: 0 | T47: 0 | U47: 0 | V47: 0 | W47: 0 | X47: 0 | Y47: 0 | Z47: 0 | AA47: 0 | AB47: 0 | AC47: 0 | AD47: 0 | AE47: 0 | AF47: 0 | AG47: 0 | AH47: 0 | AI47: 0 | AJ47: 0 | AK47: 0 | AL47: 0 | AM47: 0 | AN47: 0 | AO47: 0 | AP47: 0 | AQ47: 0 | AR47: 0 | AS47: 0 | AT47: 0 | AU47: 0 | AV47: 0 | AW47: 1 | AX47: 0 | AY47: 0 | AZ47: 0 | BA47: 0 | BB47: 0 | BC47: 0 | BD47: 0 | BE47: 0 | BF47: 0 | BG47: 0 | BH47: 0 | BI47: 0 | BJ47: 0 | BK47: 0 | BL47: 0 | BM47: 0 | BN47: 0 | BO47: 0 | BP47: 0 | BQ47: 0 | BR47: 0 | BS47: 0 | BT47: 0 | BU47: 0 | BV47: 0 | BW47: 0 | BX47: 0 | BY47: 0 | BZ47: 0 | CA47: 0 | CB47: 0 | CC47: 0 | CD47: 0 | CE47: 0 | CF47: 0 | CG47: 0 | CH47: 0 | CI47: 0 | CJ47: 0 | CK47: 0 | CL47: 0 | CM47: 0 | CN47: 0 | CO47: 0 | CP47: 0 | CQ47: 0 | CR47: 0 | CS47: 0 | CT47: 0 | CU47: 0 | CV47: 0 | CW47: 0 | CX47: 0 | CY47: 0 | CZ47: 0 | DA47: 0 | DB47: 0 | DC47: 0 | DD47: 0 | DE47: 0 | DF47: 0 | DG47: 0 | DH47: 0 | DI47: 0 | DJ47: 0 | DK47: 0 | DL47: 0 | DM47: 0 | DN47: 0 | DO47: 0 | DP47: 0 | DQ47: 0 | DR47: 0 | DS47: 0 | DT47: 0 | DU47: 0 | DV47: 0 | DW47: 0 | DX47: 0 | DY47: 0 | DZ47: 0 | EA47: 0
A48: =VLOOKUP(E48,'Validation List'!F49:G444,2,FALSE) -> #N/A | B48: =INDEX('NEW HIRE ROSTER'!$G:$G,MATCH(RAW!F48,'NEW HIRE ROSTER'!$A:$A,0)) -> Nesting | C48: =INDEX('NEW HIRE ROSTER'!$F:$F,MATCH(RAW!F48,'NEW HIRE ROSTER'!$A:$A,0)) -> Class 11.2 | D48: =INDEX('Validation List'!$H:$H,MATCH(RAW!E48,'Validation List'!$F:$F,0)) -> Jan Week 2 | E48: 45671 | F48: Tanglao,Jaycee Fernando | G48: =VLOOKUP(F48,ML!C32:D630,2,FALSE) -> Khyno Elimanco Cortez | H48: =VLOOKUP(F48,ML!C32:E630,3,FALSE) -> QC | I48: Napay, Rowena Joice B | J48: Provider | K48: "Status Check-Denied" | L48: INQ-F046632 | M48: 0.98 | N48: 0 | O48: 0 | P48: 0 | Q48: 0 | R48: 0 | S48: 0 | T48: 0 | U48: 0 | V48: 0 | W48: 0 | X48: 0 | Y48: 0 | Z48: 0 | AA48: 0 | AB48: 0 | AC48: 0 | AD48: 0 | AE48: 0 | AF48: 0 | AG48: 0 | AH48: 0 | AI48: 0 | AJ48: 0 | AK48: 0 | AL48: 0 | AM48: 0 | AN48: 0 | AO48: 0 | AP48: 0 | AQ48: 0 | AR48: 0 | AS48: 0 | AT48: 0 | AU48: 0 | AV48: 0 | AW48: 0 | AX48: 0 | AY48: 0 | AZ48: 0 | BA48: 0 | BB48: 0 | BC48: 0 | BD48: 0 | BE48: 0 | BF48: 0 | BG48: 0 | BH48: 0 | BI48: 0 | BJ48: 0 | BK48: 0 | BL48: 0 | BM48: 0 | BN48: 0 | BO48: 0 | BP48: 0 | BQ48: 0 | BR48: 0 | BS48: 0 | BT48: 0 | BU48: 0 | BV48: 0 | BW48: 0 | BX48: 0 | BY48: 0 | BZ48: 0 | CA48: 0 | CB48: 0 | CC48: 1 | CD48: 0 | CE48: 0 | CF48: 0 | CG48: 0 | CH48: 0 | CI48: 0 | CJ48: 0 | CK48: 0 | CL48: 0 | CM48: 0 | CN48: 0 | CO48: 0 | CP48: 0 | CQ48: 0 | CR48: 0 | CS48: 0 | CT48: 0 | CU48: 0 | CV48: 0 | CW48: 0 | CX48: 0 | CY48: 0 | CZ48: 0 | DA48: 0 | DB48: 1 | DC48: 0 | DD48: 0 | DE48: 0 | DF48: 0 | DG48: 0 | DH48: 0 | DI48: 0 | DJ48: 0 | DK48: 0 | DL48: 0 | DM48: 0 | DN48: 0 | DO48: 0 | DP48: 0 | DQ48: 0 | DR48: 0 | DS48: 0 | DT48: 0 | DU48: 0 | DV48: 0 | DW48: 0 | DX48: 0 | DY48: 0 | DZ48: 0 | EA48: 0
A49: =VLOOKUP(E49,'Validation List'!F50:G445,2,FALSE) -> #N/A | B49: =INDEX('NEW HIRE ROSTER'!$G:$G,MATCH(RAW!F49,'NEW HIRE ROSTER'!$A:$A,0)) -> Nesting | C49: =INDEX('NEW HIRE ROSTER'!$F:$F,MATCH(RAW!F49,'NEW HIRE ROSTER'!$A:$A,0)) -> Class 11.2 | D49: =INDEX('Validation List'!$H:$H,MATCH(RAW!E49,'Validation List'!$F:$F,0)) -> Jan Week 2 | E49: 45671 | F49: Veron,Kent Romeo Theryz Perce | G49: =VLOOKUP(F49,ML!C33:D631,2,FALSE) -> Khyno Elimanco Cortez | H49: =VLOOKUP(F49,ML!C33:E631,3,FALSE) -> QC | I49: Purpora, Daryl B | J49: Provider | K49: New PA Initiation | L49: INQ-F055385 | M49: 0.94 | N49: 0 | O49: 0 | P49: 0 | Q49: 0 | R49: 0 | S49: 0 | T49: 1 | U49: 0 | V49: 0 | W49: 0 | X49: 0 | Y49: 0 | Z49: 0 | AA49: 0 | AB49: 0 | AC49: 0 | AD49: 0 | AE49: 0 | AF49: 0 | AG49: 0 | AH49: 0 | AI49: 0 | AJ49: 0 | AK49: 0 | AL49: 0 | AM49: 0 | AN49: 0 | AO49: 0 | AP49: 0 | AQ49: 0 | AR49: 0 | AS49: 0 | AT49: 0 | AU49: 0 | AV49: 0 | AW49: 0 | AX49: 0 | AY49: 0 | AZ49: 0 | BA49: 0 | BB49: 0 | BC49: 0 | BD49: 0 | BE49: 0 | BF49: 0 | BG49: 0 | BH49: 0 | BI49: 0 | BJ49: 0 | BK49: 0 | BL49: 0 | BM49: 0 | BN49: 0 | BO49: 0 | BP49: 0 | BQ49: 0 | BR49: 0 | BS49: 0 | BT49: 0 | BU49: 0 | BV49: 0 | BW49: 0 | BX49: 0 | BY49: 0 | BZ49: 0 | CA49: 0 | CB49: 0 | CC49: 0 | CD49: 0 | CE49: 0 | CF49: 0 | CG49: 0 | CH49: 0 | CI49: 0 | CJ49: 0 | CK49: 0 | CL49: 0 | CM49: 0 | CN49: 0 | CO49: 0 | CP49: 0 | CQ49: 0 | CR49: 0 | CS49: 0 | CT49: 0 | CU49: 0 | CV49: 0 | CW49: 0 | CX49: 0 | CY49: 0 | CZ49: 0 | DA49: 0 | DB49: 0 | DC49: 0 | DD49: 0 | DE49: 0 | DF49: 0 | DG49: 0 | DH49: 0 | DI49: 0 | DJ49: 0 | DK49: 0 | DL49: 0 | DM49: 0 | DN49: 0 | DO49: 0 | DP49: 0 | DQ49: 0 | DR49: 0 | DS49: 0 | DT49: 0 | DU49: 0 | DV49: 0 | DW49: 0 | DX49: 0 | DY49: 0 | DZ49: 0 | EA49: 0
A50: =VLOOKUP(E50,'Validation List'!F51:G446,2,FALSE) -> #N/A | B50: =INDEX('NEW HIRE ROSTER'!$G:$G,MATCH(RAW!F50,'NEW HIRE ROSTER'!$A:$A,0)) -> Nesting | C50: =INDEX('NEW HIRE ROSTER'!$F:$F,MATCH(RAW!F50,'NEW HIRE ROSTER'!$A:$A,0)) -> Class 11.2 | D50: =INDEX('Validation List'!$H:$H,MATCH(RAW!E50,'Validation List'!$F:$F,0)) -> Jan Week 1 | E50: 45666 | F50: Tolentino,Christopher Pronuevo | G50: =VLOOKUP(F50,ML!C34:D632,2,FALSE) -> Khyno Elimanco Cortez | H50: =VLOOKUP(F50,ML!C34:E632,3,FALSE) -> QC | I50: Cortez, Khyno E | J50: Provider | K50: "Status Check-Denied" | L50: INQ-E964114 | M50: 0.99 | N50: 0 | O50: 0 | P50: 0 | Q50: 0 | R50: 0 | S50: 0 | T50: 1 | U50: 0 | V50: 0 | W50: 0 | X50: 0 | Y50: 0 | Z50: 0 | AA50: 0 | AB50: 0 | AC50: 0 | AD50: 0 | AE50: 0 | AF50: 0 | AG50: 0 | AH50: 0 | AI50: 0 | AJ50: 0 | AK50: 0 | AL50: 0 | AM50: 0 | AN50: 0 | AO50: 0 | AP50: 0 | AQ50: 0 | AR50: 0 | AS50: 0 | AT50: 0 | AU50: 0 | AV50: 0 | AW50: 0 | AX50: 0 | AY50: 0 | AZ50: 0 | BA50: 0 | BB50: 0 | BC50: 0 | BD50: 0 | BE50: 0 | BF50: 0 | BG50: 0 | BH50: 0 | BI50: 0 | BJ50: 0 | BK50: 0 | BL50: 0 | BM50: 0 | BN50: 0 | BO50: 0 | BP50: 0 | BQ50: 0 | BR50: 0 | BS50: 0 | BT50: 0 | BU50: 0 | BV50: 0 | BW50: 0 | BX50: 0 | BY50: 0 | BZ50: 0 | CA50: 0 | CB50: 0 | CC50: 0 | CD50: 0 | CE50: 0 | CF50: 0 | CG50: 0 | CH50: 0 | CI50: 0 | CJ50: 0 | CK50: 0 | CL50: 0 | CM50: 0 | CN50: 0 | CO50: 0 | CP50: 0 | CQ50: 0 | CR50: 0 | CS50: 0 | CT50: 0 | CU50: 0 | CV50: 0 | CW50: 0 | CX50: 0 | CY50: 0 | CZ50: 0 | DA50: 0 | DB50: 0 | DC50: 0 | DD50: 0 | DE50: 0 | DF50: 0 | DG50: 0 | DH50: 0 | DI50: 0 | DJ50: 0 | DK50: 0 | DL50: 0 | DM50: 0 | DN50: 0 | DO50: 0 | DP50: 0 | DQ50: 0 | DR50: 0 | DS50: 0 | DT50: 0 | DU50: 0 | DV50: 0 | DW50: 0 | DX50: 0 | DY50: 0 | DZ50: 0 | EA50: 0
A51: =VLOOKUP(E51,'Validation List'!F52:G447,2,FALSE) -> #N/A | B51: =INDEX('NEW HIRE ROSTER'!$G:$G,MATCH(RAW!F51,'NEW HIRE ROSTER'!$A:$A,0)) -> Nesting | C51: =INDEX('NEW HIRE ROSTER'!$F:$F,MATCH(RAW!F51,'NEW HIRE ROSTER'!$A:$A,0)) -> Class 11.2 | D51: =INDEX('Validation List'!$H:$H,MATCH(RAW!E51,'Validation List'!$F:$F,0)) -> Jan Week 2 | E51: 45670 | F51: Garcia,Raqsher Anne Miras | G51: =VLOOKUP(F51,ML!C35:D633,2,FALSE) -> Khyno Elimanco Cortez | H51: =VLOOKUP(F51,ML!C35:E633,3,FALSE) -> QC | I51: Cortez, Khyno E | J51: Provider | K51: "Status Check - Formulary Coverage" | L51: INQ-E993253 | M51: 1 | N51: 0 | O51: 0 | P51: 0 | Q51: 0 | R51: 0 | S51: 0 | T51: 0 | U51: 0 | V51: 0 | W51: 0 | X51: 0 | Y51: 0 | Z51: 0 | AA51: 0 | AB51: 0 | AC51: 0 | AD51: 0 | AE51: 0 | AF51: 0 | AG51: 0 | AH51: 0 | AI51: 0 | AJ51: 0 | AK51: 0 | AL51: 0 | AM51: 0 | AN51: 0 | AO51: 0 | AP51: 0 | AQ51: 0 | AR51: 0 | AS51: 0 | AT51: 0 | AU51: 0 | AV51: 0 | AW51: 0 | AX51: 0 | AY51: 0 | AZ51: 0 | BA51: 0 | BB51: 0 | BC51: 0 | BD51: 0 | BE51: 0 | BF51: 0 | BG51: 0 | BH51: 0 | BI51: 0 | BJ51: 0 | BK51: 0 | BL51: 0 | BM51: 0 | BN51: 0 | BO51: 0 | BP51: 0 | BQ51: 0 | BR51: 0 | BS51: 0 | BT51: 0 | BU51: 0 | BV51: 0 | BW51: 0 | BX51: 0 | BY51: 0 | BZ51: 0 | CA51: 0 | CB51: 0 | CC51: 0 | CD51: 0 | CE51: 0 | CF51: 0 | CG51: 0 | CH51: 0 | CI51: 0 | CJ51: 0 | CK51: 0 | CL51: 0 | CM51: 0 | CN51: 0 | CO51: 0 | CP51: 0 | CQ51: 0 | CR51: 0 | CS51: 0 | CT51: 0 | CU51: 0 | CV51: 0 | CW51: 0 | CX51: 0 | CY51: 0 | CZ51: 0 | DA51: 0 | DB51: 0 | DC51: 0 | DD51: 0 | DE51: 0 | DF51: 0 | DG51: 0 | DH51: 0 | DI51: 0 | DJ51: 0 | DK51: 0 | DL51: 0 | DM51: 0 | DN51: 0 | DO51: 0 | DP51: 0 | DQ51: 0 | DR51: 0 | DS51: 0 | DT51: 0 | DU51: 0 | DV51: 0 | DW51: 0 | DX51: 0 | DY51: 0 | DZ51: 0 | EA51: 0
A52: =VLOOKUP(E52,'Validation List'!F53:G448,2,FALSE) -> #N/A | B52: =INDEX('NEW HIRE ROSTER'!$G:$G,MATCH(RAW!F52,'NEW HIRE ROSTER'!$A:$A,0)) -> Nesting | C52: =INDEX('NEW HIRE ROSTER'!$F:$F,MATCH(RAW!F52,'NEW HIRE ROSTER'!$A:$A,0)) -> Class 11.2 | D52: =INDEX('Validation List'!$H:$H,MATCH(RAW!E52,'Validation List'!$F:$F,0)) -> Jan Week 2 | E52: 45670 | F52: Roces,Diana Abia | G52: =VLOOKUP(F52,ML!C36:D634,2,FALSE) -> Khyno Elimanco Cortez | H52: =VLOOKUP(F52,ML!C36:E634,3,FALSE) -> QC | I52: Cortez, Khyno E | J52: Provider | K52: New PA Initiation | L52: INQ-E999702 | M52: 1 | N52: 0 | O52: 0 | P52: 0 | Q52: 0 | R52: 0 | S52: 0 | T52: 0 | U52: 0 | V52: 0 | W52: 0 | X52: 0 | Y52: 0 | Z52: 0 | AA52: 0 | AB52: 0 | AC52: 0 | AD52: 0 | AE52: 0 | AF52: 0 | AG52: 0 | AH52: 0 | AI52: 0 | AJ52: 0 | AK52: 0 | AL52: 0 | AM52: 0 | AN52: 0 | AO52: 0 | AP52: 0 | AQ52: 0 | AR52: 0 | AS52: 0 | AT52: 0 | AU52: 0 | AV52: 0 | AW52: 0 | AX52: 0 | AY52: 0 | AZ52: 0 | BA52: 0 | BB52: 0 | BC52: 0 | BD52: 0 | BE52: 0 | BF52: 0 | BG52: 0 | BH52: 0 | BI52: 0 | BJ52: 0 | BK52: 0 | BL52: 0 | BM52: 0 | BN52: 0 | BO52: 0 | BP52: 0 | BQ52: 0 | BR52: 0 | BS52: 0 | BT52: 0 | BU52: 0 | BV52: 0 | BW52: 0 | BX52: 0 | BY52: 0 | BZ52: 0 | CA52: 0 | CB52: 0 | CC52: 0 | CD52: 0 | CE52: 0 | CF52: 0 | CG52: 0 | CH52: 0 | CI52: 0 | CJ52: 0 | CK52: 0 | CL52: 0 | CM52: 0 | CN52: 0 | CO52: 0 | CP52: 0 | CQ52: 0 | CR52: 0 | CS52: 0 | CT52: 0 | CU52: 0 | CV52: 0 | CW52: 0 | CX52: 0 | CY52: 0 | CZ52: 0 | DA52: 0 | DB52: 0 | DC52: 0 | DD52: 0 | DE52: 0 | DF52: 0 | DG52: 0 | DH52: 0 | DI52: 0 | DJ52: 0 | DK52: 0 | DL52: 0 | DM52: 0 | DN52: 0 | DO52: 0 | DP52: 0 | DQ52: 0 | DR52: 0 | DS52: 0 | DT52: 0 | DU52: 0 | DV52: 0 | DW52: 0 | DX52: 0 | DY52: 0 | DZ52: 0 | EA52: 0
A53: =VLOOKUP(E53,'Validation List'!F54:G449,2,FALSE) -> #N/A | B53: =INDEX('NEW HIRE ROSTER'!$G:$G,MATCH(RAW!F53,'NEW HIRE ROSTER'!$A:$A,0)) -> Nesting | C53: =INDEX('NEW HIRE ROSTER'!$F:$F,MATCH(RAW!F53,'NEW HIRE ROSTER'!$A:$A,0)) -> Class 11.2 | D53: =INDEX('Validation List'!$H:$H,MATCH(RAW!E53,'Validation List'!$F:$F,0)) -> Jan Week 2 | E53: 45670 | F53: Gonzales,Elyon Roi Ordonio | G53: =VLOOKUP(F53,ML!C37:D635,2,FALSE) -> Khyno Elimanco Cortez | H53: =VLOOKUP(F53,ML!C37:E635,3,FALSE) -> QC | I53: Cortez, Khyno E | J53: Provider | K53: New PA Initiation | L53: INQ-E974520 | M53: 1 | N53: 0 | O53: 0 | P53: 0 | Q53: 0 | R53: 0 | S53: 0 | T53: 0 | U53: 0 | V53: 0 | W53: 0 | X53: 0 | Y53: 0 | Z53: 0 | AA53: 0 | AB53: 0 | AC53: 0 | AD53: 0 | AE53: 0 | AF53: 0 | AG53: 0 | AH53: 0 | AI53: 0 | AJ53: 0 | AK53: 0 | AL53: 0 | AM53: 0 | AN53: 0 | AO53: 0 | AP53: 0 | AQ53: 0 | AR53: 0 | AS53: 0 | AT53: 0 | AU53: 0 | AV53: 0 | AW53: 0 | AX53: 0 | AY53: 0 | AZ53: 0 | BA53: 0 | BB53: 0 | BC53: 0 | BD53: 0 | BE53: 0 | BF53: 0 | BG53: 0 | BH53: 0 | BI53: 0 | BJ53: 0 | BK53: 0 | BL53: 0 | BM53: 0 | BN53: 0 | BO53: 0 | BP53: 0 | BQ53: 0 | BR53: 0 | BS53: 0 | BT53: 0 | BU53: 0 | BV53: 0 | BW53: 0 | BX53: 0 | BY53: 0 | BZ53: 0 | CA53: 0 | CB53: 0 | CC53: 0 | CD53: 0 | CE53: 0 | CF53: 0 | CG53: 0 | CH53: 0 | CI53: 0 | CJ53: 0 | CK53: 0 | CL53: 0 | CM53: 0 | CN53: 0 | CO53: 0 | CP53: 0 | CQ53: 0 | CR53: 0 | CS53: 0 | CT53: 0 | CU53: 0 | CV53: 0 | CW53: 0 | CX53: 0 | CY53: 0 | CZ53: 0 | DA53: 0 | DB53: 0 | DC53: 0 | DD53: 0 | DE53: 0 | DF53: 0 | DG53: 0 | DH53: 0 | DI53: 0 | DJ53: 0 | DK53: 0 | DL53: 0 | DM53: 0 | DN53: 0 | DO53: 0 | DP53: 0 | DQ53: 0 | DR53: 0 | DS53: 0 | DT53: 0 | DU53: 0 | DV53: 0 | DW53: 0 | DX53: 0 | DY53: 0 | DZ53: 0 | EA53: 0
A54: =VLOOKUP(E54,'Validation List'!F55:G450,2,FALSE) -> #N/A | B54: =INDEX('NEW HIRE ROSTER'!$G:$G,MATCH(RAW!F54,'NEW HIRE ROSTER'!$A:$A,0)) -> Nesting | C54: =INDEX('NEW HIRE ROSTER'!$F:$F,MATCH(RAW!F54,'NEW HIRE ROSTER'!$A:$A,0)) -> Class 11.2 | D54: =INDEX('Validation List'!$H:$H,MATCH(RAW!E54,'Validation List'!$F:$F,0)) -> Jan Week 2 | E54: 45670 | F54: Morales,Lendy Ochate | G54: =VLOOKUP(F54,ML!C38:D636,2,FALSE) -> Khyno Elimanco Cortez | H54: =VLOOKUP(F54,ML!C38:E636,3,FALSE) -> QC | I54: Cortez, Khyno E | J54: Provider | K54: "Status Check-Approved" | L54: INQ-E996784 | M54: 0.93 | N54: 0 | O54: 0 | P54: 0 | Q54: 0 | R54: 0 | S54: 0 | T54: 0 | U54: 0 | V54: 0 | W54: 0 | X54: 0 | Y54: 0 | Z54: 0 | AA54: 0 | AB54: 0 | AC54: 0 | AD54: 0 | AE54: 1 | AF54: 0 | AG54: 0 | AH54: 0 | AI54: 0 | AJ54: 0 | AK54: 0 | AL54: 0 | AM54: 0 | AN54: 0 | AO54: 0 | AP54: 0 | AQ54: 0 | AR54: 0 | AS54: 0 | AT54: 0 | AU54: 0 | AV54: 0 | AW54: 0 | AX54: 0 | AY54: 0 | AZ54: 0 | BA54: 0 | BB54: 0 | BC54: 0 | BD54: 0 | BE54: 0 | BF54: 0 | BG54: 0 | BH54: 0 | BI54: 0 | BJ54: 0 | BK54: 0 | BL54: 0 | BM54: 0 | BN54: 0 | BO54: 0 | BP54: 0 | BQ54: 0 | BR54: 0 | BS54: 0 | BT54: 0 | BU54: 0 | BV54: 0 | BW54: 0 | BX54: 0 | BY54: 0 | BZ54: 0 | CA54: 0 | CB54: 0 | CC54: 0 | CD54: 0 | CE54: 0 | CF54: 0 | CG54: 0 | CH54: 0 | CI54: 0 | CJ54: 0 | CK54: 0 | CL54: 0 | CM54: 0 | CN54: 1 | CO54: 0 | CP54: 0 | CQ54: 0 | CR54: 0 | CS54: 0 | CT54: 0 | CU54: 0 | CV54: 0 | CW54: 0 | CX54: 0 | CY54: 0 | CZ54: 0 | DA54: 0 | DB54: 0 | DC54: 0 | DD54: 0 | DE54: 0 | DF54: 0 | DG54: 0 | DH54: 0 | DI54: 0 | DJ54: 0 | DK54: 0 | DL54: 0 | DM54: 0 | DN54: 0 | DO54: 0 | DP54: 0 | DQ54: 0 | DR54: 0 | DS54: 0 | DT54: 0 | DU54: 0 | DV54: 0 | DW54: 0 | DX54: 0 | DY54: 0 | DZ54: 0 | EA54: 0
A55: =VLOOKUP(E55,'Validation List'!F56:G451,2,FALSE) -> #N/A | B55: =INDEX('NEW HIRE ROSTER'!$G:$G,MATCH(RAW!F55,'NEW HIRE ROSTER'!$A:$A,0)) -> Nesting | C55: =INDEX('NEW HIRE ROSTER'!$F:$F,MATCH(RAW!F55,'NEW HIRE ROSTER'!$A:$A,0)) -> Class 11.2 | D55: =INDEX('Validation List'!$H:$H,MATCH(RAW!E55,'Validation List'!$F:$F,0)) -> Jan Week 2 | E55: 45670 | F55: Sulayao,Windy Homyao | G55: =VLOOKUP(F55,ML!C39:D637,2,FALSE) -> Khyno Elimanco Cortez | H55: =VLOOKUP(F55,ML!C39:E637,3,FALSE) -> QC | I55: Cortez, Khyno E | J55: Provider | K55: New PA Initiation | L55: INQ-E997141 | M55: 0.99 | N55: 0 | O55: 0 | P55: 0 | Q55: 0 | R55: 0 | S55: 0 | T55: 0 | U55: 0 | V55: 0 | W55: 0 | X55: 0 | Y55: 0 | Z55: 0 | AA55: 0 | AB55: 0 | AC55: 0 | AD55: 0 | AE55: 0 | AF55: 0 | AG55: 0 | AH55: 0 | AI55: 0 | AJ55: 0 | AK55: 0 | AL55: 0 | AM55: 0 | AN55: 0 | AO55: 0 | AP55: 0 | AQ55: 0 | AR55: 0 | AS55: 0 | AT55: 0 | AU55: 0 | AV55: 0 | AW55: 0 | AX55: 0 | AY55: 0 | AZ55: 0 | BA55: 0 | BB55: 0 | BC55: 0 | BD55: 0 | BE55: 0 | BF55: 0 | BG55: 0 | BH55: 0 | BI55: 0 | BJ55: 0 | BK55: 0 | BL55: 0 | BM55: 0 | BN55: 0 | BO55: 0 | BP55: 0 | BQ55: 0 | BR55: 0 | BS55: 0 | BT55: 0 | BU55: 0 | BV55: 0 | BW55: 0 | BX55: 0 | BY55: 0 | BZ55: 0 | CA55: 0 | CB55: 0 | CC55: 0 | CD55: 0 | CE55: 0 | CF55: 0 | CG55: 0 | CH55: 0 | CI55: 0 | CJ55: 0 | CK55: 0 | CL55: 0 | CM55: 0 | CN55: 0 | CO55: 0 | CP55: 0 | CQ55: 0 | CR55: 0 | CS55: 0 | CT55: 0 | CU55: 1 | CV55: 0 | CW55: 0 | CX55: 0 | CY55: 0 | CZ55: 0 | DA55: 0 | DB55: 0 | DC55: 0 | DD55: 0 | DE55: 0 | DF55: 0 | DG55: 0 | DH55: 0 | DI55: 0 | DJ55: 0 | DK55: 0 | DL55: 0 | DM55: 0 | DN55: 0 | DO55: 0 | DP55: 0 | DQ55: 0 | DR55: 0 | DS55: 0 | DT55: 0 | DU55: 0 | DV55: 0 | DW55: 0 | DX55: 0 | DY55: 0 | DZ55: 0 | EA55: 0
A56: =VLOOKUP(E56,'Validation List'!F57:G452,2,FALSE) -> #N/A | B56: =INDEX('NEW HIRE ROSTER'!$G:$G,MATCH(RAW!F56,'NEW HIRE ROSTER'!$A:$A,0)) -> Nesting | C56: =INDEX('NEW HIRE ROSTER'!$F:$F,MATCH(RAW!F56,'NEW HIRE ROSTER'!$A:$A,0)) -> Class 11.2 | D56: =INDEX('Validation List'!$H:$H,MATCH(RAW!E56,'Validation List'!$F:$F,0)) -> Jan Week 2 | E56: 45670 | F56: Tanglao,Jaycee Fernando | G56: =VLOOKUP(F56,ML!C40:D638,2,FALSE) -> Khyno Elimanco Cortez | H56: =VLOOKUP(F56,ML!C40:E638,3,FALSE) -> QC | I56: Cortez, Khyno E | J56: Provider | K56: "Status Check-Denied" | L56: INQ-F000934 | M56: 1 | N56: 0 | O56: 0 | P56: 0 | Q56: 0 | R56: 0 | S56: 0 | T56: 0 | U56: 0 | V56: 0 | W56: 0 | X56: 0 | Y56: 0 | Z56: 0 | AA56: 0 | AB56: 0 | AC56: 0 | AD56: 0 | AE56: 0 | AF56: 0 | AG56: 0 | AH56: 0 | AI56: 0 | AJ56: 0 | AK56: 0 | AL56: 0 | AM56: 0 | AN56: 0 | AO56: 0 | AP56: 0 | AQ56: 0 | AR56: 0 | AS56: 0 | AT56: 0 | AU56: 0 | AV56: 0 | AW56: 0 | AX56: 0 | AY56: 0 | AZ56: 0 | BA56: 0 | BB56: 0 | BC56: 0 | BD56: 0 | BE56: 0 | BF56: 0 | BG56: 0 | BH56: 0 | BI56: 0 | BJ56: 0 | BK56: 0 | BL56: 0 | BM56: 0 | BN56: 0 | BO56: 0 | BP56: 0 | BQ56: 0 | BR56: 0 | BS56: 0 | BT56: 0 | BU56: 0 | BV56: 0 | BW56: 0 | BX56: 0 | BY56: 0 | BZ56: 0 | CA56: 0 | CB56: 0 | CC56: 0 | CD56: 0 | CE56: 0 | CF56: 0 | CG56: 0 | CH56: 0 | CI56: 0 | CJ56: 0 | CK56: 0 | CL56: 0 | CM56: 0 | CN56: 0 | CO56: 0 | CP56: 0 | CQ56: 0 | CR56: 0 | CS56: 0 | CT56: 0 | CU56: 0 | CV56: 0 | CW56: 0 | CX56: 0 | CY56: 0 | CZ56: 0 | DA56: 0 | DB56: 0 | DC56: 0 | DD56: 0 | DE56: 0 | DF56: 0 | DG56: 0 | DH56: 0 | DI56: 0 | DJ56: 0 | DK56: 0 | DL56: 0 | DM56: 0 | DN56: 0 | DO56: 0 | DP56: 0 | DQ56: 0 | DR56: 0 | DS56: 0 | DT56: 0 | DU56: 0 | DV56: 0 | DW56: 0 | DX56: 0 | DY56: 0 | DZ56: 0 | EA56: 0
A57: =VLOOKUP(E57,'Validation List'!F58:G453,2,FALSE) -> #N/A | B57: =INDEX('NEW HIRE ROSTER'!$G:$G,MATCH(RAW!F57,'NEW HIRE ROSTER'!$A:$A,0)) -> Nesting | C57: =INDEX('NEW HIRE ROSTER'!$F:$F,MATCH(RAW!F57,'NEW HIRE ROSTER'!$A:$A,0)) -> Class 11.2 | D57: =INDEX('Validation List'!$H:$H,MATCH(RAW!E57,'Validation List'!$F:$F,0)) -> Jan Week 2 | E57: 45671 | F57: Tabita,Czarina Manuel | G57: =VLOOKUP(F57,ML!C41:D639,2,FALSE) -> Khyno Elimanco Cortez | H57: =VLOOKUP(F57,ML!C41:E639,3,FALSE) -> QC | I57: Cortez, Khyno E | J57: Provider | K57: New PA Initiation | L57: INQ-F030130 | M57: 0.93 | N57: 0 | O57: 0 | P57: 0 | Q57: 0 | R57: 0 | S57: 0 | T57: 0 | U57: 0 | V57: 0 | W57: 0 | X57: 0 | Y57: 0 | Z57: 0 | AA57: 0 | AB57: 0 | AC57: 0 | AD57: 0 | AE57: 0 | AF57: 0 | AG57: 0 | AH57: 0 | AI57: 0 | AJ57: 0 | AK57: 0 | AL57: 0 | AM57: 0 | AN57: 0 | AO57: 0 | AP57: 0 | AQ57: 0 | AR57: 0 | AS57: 0 | AT57: 0 | AU57: 0 | AV57: 0 | AW57: 0 | AX57: 0 | AY57: 0 | AZ57: 0 | BA57: 0 | BB57: 0 | BC57: 0 | BD57: 0 | BE57: 0 | BF57: 0 | BG57: 0 | BH57: 0 | BI57: 0 | BJ57: 0 | BK57: 0 | BL57: 0 | BM57: 0 | BN57: 0 | BO57: 0 | BP57: 0 | BQ57: 0 | BR57: 0 | BS57: 0 | BT57: 0 | BU57: 0 | BV57: 0 | BW57: 0 | BX57: 0 | BY57: 0 | BZ57: 0 | CA57: 0 | CB57: 0 | CC57: 1 | CD57: 0 | CE57: 0 | CF57: 0 | CG57: 0 | CH57: 0 | CI57: 0 | CJ57: 0 | CK57: 0 | CL57: 0 | CM57: 0 | CN57: 1 | CO57: 0 | CP57: 0 | CQ57: 0 | CR57: 0 | CS57: 0 | CT57: 0 | CU57: 0 | CV57: 0 | CW57: 0 | CX57: 0 | CY57: 0 | CZ57: 0 | DA57: 0 | DB57: 0 | DC57: 0 | DD57: 0 | DE57: 0 | DF57: 0 | DG57: 0 | DH57: 0 | DI57: 0 | DJ57: 0 | DK57: 0 | DL57: 0 | DM57: 0 | DN57: 0 | DO57: 0 | DP57: 0 | DQ57: 0 | DR57: 0 | DS57: 0 | DT57: 0 | DU57: 0 | DV57: 0 | DW57: 0 | DX57: 0 | DY57: 0 | DZ57: 0 | EA57: 0
A58: =VLOOKUP(E58,'Validation List'!F59:G454,2,FALSE) -> #N/A | B58: =INDEX('NEW HIRE ROSTER'!$G:$G,MATCH(RAW!F58,'NEW HIRE ROSTER'!$A:$A,0)) -> Nesting | C58: =INDEX('NEW HIRE ROSTER'!$F:$F,MATCH(RAW!F58,'NEW HIRE ROSTER'!$A:$A,0)) -> Class 11.2 | D58: =INDEX('Validation List'!$H:$H,MATCH(RAW!E58,'Validation List'!$F:$F,0)) -> Jan Week 2 | E58: 45671 | F58: Malinao Jr,Charman Macapua | G58: =VLOOKUP(F58,ML!C42:D640,2,FALSE) -> Khyno Elimanco Cortez | H58: =VLOOKUP(F58,ML!C42:E640,3,FALSE) -> QC | I58: Cortez, Khyno E | J58: Provider | K58: New PA Initiation | L58: INQ-F026068 | M58: 0.94 | N58: 0 | O58: 0 | P58: 0 | Q58: 0 | R58: 0 | S58: 0 | T58: 0 | U58: 0 | V58: 0 | W58: 0 | X58: 0 | Y58: 0 | Z58: 0 | AA58: 0 | AB58: 0 | AC58: 0 | AD58: 0 | AE58: 0 | AF58: 0 | AG58: 0 | AH58: 0 | AI58: 0 | AJ58: 0 | AK58: 0 | AL58: 0 | AM58: 0 | AN58: 0 | AO58: 0 | AP58: 0 | AQ58: 0 | AR58: 0 | AS58: 0 | AT58: 0 | AU58: 0 | AV58: 0 | AW58: 0 | AX58: 0 | AY58: 0 | AZ58: 0 | BA58: 0 | BB58: 0 | BC58: 0 | BD58: 0 | BE58: 0 | BF58: 0 | BG58: 0 | BH58: 0 | BI58: 0 | BJ58: 0 | BK58: 0 | BL58: 0 | BM58: 0 | BN58: 0 | BO58: 0 | BP58: 0 | BQ58: 0 | BR58: 0 | BS58: 0 | BT58: 0 | BU58: 0 | BV58: 0 | BW58: 0 | BX58: 0 | BY58: 0 | BZ58: 0 | CA58: 0 | CB58: 0 | CC58: 1 | CD58: 0 | CE58: 0 | CF58: 0 | CG58: 0 | CH58: 0 | CI58: 0 | CJ58: 0 | CK58: 0 | CL58: 0 | CM58: 0 | CN58: 0 | CO58: 0 | CP58: 0 | CQ58: 0 | CR58: 0 | CS58: 0 | CT58: 0 | CU58: 0 | CV58: 0 | CW58: 0 | CX58: 0 | CY58: 0 | CZ58: 0 | DA58: 0 | DB58: 0 | DC58: 0 | DD58: 0 | DE58: 0 | DF58: 0 | DG58: 0 | DH58: 0 | DI58: 0 | DJ58: 0 | DK58: 0 | DL58: 0 | DM58: 0 | DN58: 0 | DO58: 0 | DP58: 0 | DQ58: 0 | DR58: 0 | DS58: 0 | DT58: 0 | DU58: 0 | DV58: 0 | DW58: 0 | DX58: 0 | DY58: 0 | DZ58: 0 | EA58: 0
... A63: =VLOOKUP(E63,'Validation List'!F64:G459,2,FALSE) -> #N/A | B63: =INDEX('NEW HIRE ROSTER'!$G:$G,MATCH(RAW!F63,'NEW HIRE ROSTER'!$A:$A,0)) -> Nesting | C63: =INDEX('NEW HIRE ROSTER'!$F:$F,MATCH(RAW!F63,'NEW HIRE ROSTER'!$A:$A,0)) -> Class 11.2 | D63: =INDEX('Validation List'!$H:$H,MATCH(RAW!E63,'Validation List'!$F:$F,0)) -> Jan Week 2 | E63: 45672 | F63: Relano,Abimael Soliman | G63: =VLOOKUP(F63,ML!C47:D645,2,FALSE) -> Khyno Elimanco Cortez | H63: =VLOOKUP(F63,ML!C47:E645,3,FALSE) -> QC | I63: Cortez, Khyno E | J63: Provider | K63: "Status Check-Approved" | L63: INQ-F058787 | M63: 0.99 | N63: 0 | O63: 0 | P63: 0 | Q63: 0 | R63: 0 | S63: 0 | T63: 0 | U63: 0 | V63: 0 | W63: 0 | X63: 0 | Y63: 0 | Z63: 0 | AA63: 0 | AB63: 0 | AC63: 0 | AD63: 0 | AE63: 0 | AF63: 0 | AG63: 0 | AH63: 0 | AI63: 0 | AJ63: 0 | AK63: 0 | AL63: 0 | AM63: 0 | AN63: 0 | AO63: 0 | AP63: 0 | AQ63: 0 | AR63: 0 | AS63: 0 | AT63: 0 | AU63: 0 | AV63: 0 | AW63: 0 | AX63: 0 | AY63: 0 | AZ63: 0 | BA63: 0 | BB63: 0 | BC63: 0 | BD63: 0 | BE63: 0 | BF63: 0 | BG63: 0 | BH63: 0 | BI63: 0 | BJ63: 0 | BK63: 0 | BL63: 0 | BM63: 0 | BN63: 0 | BO63: 0 | BP63: 0 | BQ63: 0 | BR63: 0 | BS63: 0 | BT63: 0 | BU63: 0 | BV63: 0 | BW63: 0 | BX63: 0 | BY63: 0 | BZ63: 0 | CA63: 0 | CB63: 0 | CC63: 0 | CD63: 0 | CE63: 0 | CF63: 0 | CG63: 0 | CH63: 0 | CI63: 0 | CJ63: 0 | CK63: 0 | CL63: 0 | CM63: 0 | CN63: 0 | CO63: 0 | CP63: 0 | CQ63: 0 | CR63: 0 | CS63: 0 | CT63: 0 | CU63: 0 | CV63: 1 | CW63: 0 | CX63: 0 | CY63: 0 | CZ63: 0 | DA63: 0 | DB63: 0 | DC63: 0 | DD63: 0 | DE63: 0 | DF63: 0 | DG63: 0 | DH63: 0 | DI63: 0 | DJ63: 0 | DK63: 0 | DL63: 0 | DM63: 0 | DN63: 0 | DO63: 0 | DP63: 0 | DQ63: 0 | DR63: 0 | DS63: 0 | DT63: 0 | DU63: 0 | DV63: 0 | DW63: 0 | DX63: 0 | DY63: 0 | DZ63: 0 | EA63: 0
A64: =VLOOKUP(E64,'Validation List'!F65:G460,2,FALSE) -> #N/A | B64: =INDEX('NEW HIRE ROSTER'!$G:$G,MATCH(RAW!F64,'NEW HIRE ROSTER'!$A:$A,0)) -> Nesting | C64: =INDEX('NEW HIRE ROSTER'!$F:$F,MATCH(RAW!F64,'NEW HIRE ROSTER'!$A:$A,0)) -> Class 11.1 | D64: =INDEX('Validation List'!$H:$H,MATCH(RAW!E64,'Validation List'!$F:$F,0)) -> Jan Week 1 | E64: 45666 | F64: Adriano,Anthony Floresca | G64: =VLOOKUP(RAW!F64,ML!C:D,2) -> Robin Antolihao Llamido | H64: =VLOOKUP(F64,ML!C:E,3) -> QC | I64: Escarlan, Aljon L | J64: Provider | K64: "Status Check-Denied" | L64: INQ-E969255 | M64: 0.95 | N64: 0 | O64: 0 | P64: 0 | Q64: 0 | R64: 0 | S64: 0 | T64: 0 | U64: 0 | V64: 0 | W64: 0 | X64: 0 | Y64: 0 | Z64: 0 | AA64: 0 | AB64: 0 | AC64: 0 | AD64: 0 | AE64: 0 | AF64: 0 | AG64: 0 | AH64: 0 | AI64: 0 | AJ64: 0 | AK64: 0 | AL64: 0 | AM64: 0 | AN64: 0 | AO64: 0 | AP64: 0 | AQ64: 0 | AR64: 0 | AS64: 0 | AT64: 0 | AU64: 0 | AV64: 0 | AW64: 0 | AX64: 0 | AY64: 0 | AZ64: 0 | BA64: 0 | BB64: 0 | BC64: 0 | BD64: 0 | BE64: 0 | BF64: 0 | BG64: 0 | BH64: 0 | BI64: 0 | BJ64: 0 | BK64: 0 | BL64: 0 | BM64: 0 | BN64: 0 | BO64: 0 | BP64: 0 | BQ64: 0 | BR64: 0 | BS64: 0 | BT64: 0 | BU64: 0 | BV64: 0 | BW64: 0 | BX64: 0 | BY64: 0 | BZ64: 0 | CA64: 0 | CB64: 0 | CC64: 0 | CD64: 0 | CE64: 0 | CF64: 0 | CG64: 0 | CH64: 0 | CI64: 0 | CJ64: 0 | CK64: 0 | CL64: 0 | CM64: 0 | CN64: 0 | CO64: 0 | CP64: 0 | CQ64: 0 | CR64: 0 | CS64: 0 | CT64: 0 | CU64: 0 | CV64: 0 | CW64: 0 | CX64: 0 | CY64: 1 | CZ64: 0 | DA64: 0 | DB64: 0 | DC64: 0 | DD64: 0 | DE64: 0 | DF64: 0 | DG64: 0 | DH64: 0 | DI64: 0 | DJ64: 0 | DK64: 0 | DL64: 0 | DM64: 0 | DN64: 0 | DO64: 0 | DP64: 0 | DQ64: 0 | DR64: 0 | DS64: 0 | DT64: 0 | DU64: 0 | DV64: 0 | DW64: 0 | DX64: 0 | DY64: 0 | DZ64: 0 | EA64: 0
A65: =VLOOKUP(E65,'Validation List'!F66:G461,2,FALSE) -> #N/A | B65: =INDEX('NEW HIRE ROSTER'!$G:$G,MATCH(RAW!F65,'NEW HIRE ROSTER'!$A:$A,0)) -> Nesting | C65: =INDEX('NEW HIRE ROSTER'!$F:$F,MATCH(RAW!F65,'NEW HIRE ROSTER'!$A:$A,0)) -> Class 11.1 | D65: =INDEX('Validation List'!$H:$H,MATCH(RAW!E65,'Validation List'!$F:$F,0)) -> Jan Week 1 | E65: 45666 | F65: Bravante,Hazel Anne Regunay | G65: =VLOOKUP(RAW!F65,ML!C:D,2) -> Robin Antolihao Llamido | H65: =VLOOKUP(F65,ML!C49:E647,3,FALSE) -> QC | I65: Escarlan, Aljon L | J65: Provider | K65: New PA Initiation | L65: INQ-E969255 | M65: 0.88 | N65: 0 | O65: 0 | P65: 0 | Q65: 0 | R65: 0 | S65: 0 | T65: 0 | U65: 0 | V65: 0 | W65: 0 | X65: 0 | Y65: 0 | Z65: 0 | AA65: 0 | AB65: 0 | AC65: 0 | AD65: 0 | AE65: 0 | AF65: 0 | AG65: 0 | AH65: 0 | AI65: 0 | AJ65: 0 | AK65: 0 | AL65: 0 | AM65: 0 | AN65: 0 | AO65: 0 | AP65: 0 | AQ65: 0 | AR65: 0 | AS65: 0 | AT65: 0 | AU65: 0 | AV65: 0 | AW65: 0 | AX65: 0 | AY65: 1 | AZ65: 0 | BA65: 0 | BB65: 0 | BC65: 0 | BD65: 0 | BE65: 0 | BF65: 0 | BG65: 0 | BH65: 0 | BI65: 0 | BJ65: 0 | BK65: 1 | BL65: 0 | BM65: 0 | BN65: 0 | BO65: 0 | BP65: 0 | BQ65: 0 | BR65: 0 | BS65: 0 | BT65: 0 | BU65: 0 | BV65: 0 | BW65: 0 | BX65: 0 | BY65: 0 | BZ65: 0 | CA65: 0 | CB65: 0 | CC65: 0 | CD65: 0 | CE65: 0 | CF65: 0 | CG65: 0 | CH65: 0 | CI65: 0 | CJ65: 0 | CK65: 0 | CL65: 0 | CM65: 0 | CN65: 0 | CO65: 0 | CP65: 0 | CQ65: 0 | CR65: 0 | CS65: 0 | CT65: 0 | CU65: 0 | CV65: 0 | CW65: 0 | CX65: 0 | CY65: 0 | CZ65: 0 | DA65: 0 | DB65: 0 | DC65: 0 | DD65: 0 | DE65: 0 | DF65: 0 | DG65: 0 | DH65: 0 | DI65: 0 | DJ65: 0 | DK65: 0 | DL65: 0 | DM65: 0 | DN65: 0 | DO65: 0 | DP65: 0 | DQ65: 0 | DR65: 0 | DS65: 0 | DT65: 0 | DU65: 0 | DV65: 0 | DW65: 0 | DX65: 0 | DY65: 0 | DZ65: 0 | EA65: 0
A66: =VLOOKUP(E66,'Validation List'!F67:G462,2,FALSE) -> #N/A | B66: =INDEX('NEW HIRE ROSTER'!$G:$G,MATCH(RAW!F66,'NEW HIRE ROSTER'!$A:$A,0)) -> Nesting | C66: =INDEX('NEW HIRE ROSTER'!$F:$F,MATCH(RAW!F66,'NEW HIRE ROSTER'!$A:$A,0)) -> Class 11.1 | D66: =INDEX('Validation List'!$H:$H,MATCH(RAW!E66,'Validation List'!$F:$F,0)) -> Jan Week 1 | E66: 45666 | F66: Alejaga,Bryan Manombaga | G66: =VLOOKUP(RAW!F66,ML!C:D,2) -> Robin Antolihao Llamido | H66: =VLOOKUP(F66,ML!C:E,3) -> QC | I66: Escarlan, Aljon L | J66: Provider | K66: New PA Initiation | L66: PA-E2224896 | M66: 0.94 | N66: 0 | O66: 0 | P66: 0 | Q66: 0 | R66: 0 | S66: 0 | T66: 0 | U66: 0 | V66: 0 | W66: 0 | X66: 0 | Y66: 0 | Z66: 0 | AA66: 0 | AB66: 0 | AC66: 0 | AD66: 0 | AE66: 0 | AF66: 0 | AG66: 0 | AH66: 0 | AI66: 0 | AJ66: 0 | AK66: 0 | AL66: 0 | AM66: 0 | AN66: 0 | AO66: 0 | AP66: 0 | AQ66: 0 | AR66: 0 | AS66: 0 | AT66: 0 | AU66: 0 | AV66: 0 | AW66: 0 | AX66: 0 | AY66: 0 | AZ66: 0 | BA66: 0 | BB66: 0 | BC66: 0 | BD66: 0 | BE66: 0 | BF66: 0 | BG66: 0 | BH66: 0 | BI66: 0 | BJ66: 0 | BK66: 0 | BL66: 0 | BM66: 0 | BN66: 0 | BO66: 0 | BP66: 0 | BQ66: 0 | BR66: 0 | BS66: 0 | BT66: 0 | BU66: 0 | BV66: 0 | BW66: 0 | BX66: 0 | BY66: 0 | BZ66: 0 | CA66: 0 | CB66: 0 | CC66: 1 | CD66: 0 | CE66: 0 | CF66: 0 | CG66: 0 | CH66: 0 | CI66: 0 | CJ66: 0 | CK66: 0 | CL66: 0 | CM66: 0 | CN66: 0 | CO66: 0 | CP66: 0 | CQ66: 0 | CR66: 0 | CS66: 0 | CT66: 0 | CU66: 0 | CV66: 0 | CW66: 0 | CX66: 0 | CY66: 0 | CZ66: 0 | DA66: 0 | DB66: 0 | DC66: 0 | DD66: 0 | DE66: 0 | DF66: 0 | DG66: 0 | DH66: 0 | DI66: 0 | DJ66: 0 | DK66: 0 | DL66: 0 | DM66: 0 | DN66: 0 | DO66: 0 | DP66: 0 | DQ66: 0 | DR66: 0 | DS66: 0 | DT66: 0 | DU66: 0 | DV66: 0 | DW66: 0 | DX66: 0 | DY66: 0 | DZ66: 0 | EA66: 0
A67: =VLOOKUP(E67,'Validation List'!F68:G463,2,FALSE) -> #N/A | B67: =INDEX('NEW HIRE ROSTER'!$G:$G,MATCH(RAW!F67,'NEW HIRE ROSTER'!$A:$A,0)) -> Nesting | C67: =INDEX('NEW HIRE ROSTER'!$F:$F,MATCH(RAW!F67,'NEW HIRE ROSTER'!$A:$A,0)) -> Class 11.2 | D67: =INDEX('Validation List'!$H:$H,MATCH(RAW!E67,'Validation List'!$F:$F,0)) -> Jan Week 1 | E67: 45666 | F67: Morales,Lendy Ochate | G67: =VLOOKUP(F67,ML!C51:D649,2,FALSE) -> Khyno Elimanco Cortez | H67: =VLOOKUP(F67,ML!C51:E649,3,FALSE) -> QC | I67: Aguilar, Jam | J67: Provider | K67: New PA Initiation | L67: INQ-E969234 | M67: 0.74 | N67: 0 | O67: 0 | P67: 0 | Q67: 0 | R67: 0 | S67: 0 | T67: 0 | U67: 0 | V67: 0 | W67: 0 | X67: 1 | Y67: 0 | Z67: 0 | AA67: 0 | AB67: 0 | AC67: 0 | AD67: 0 | AE67: 1 | AF67: 0 | AG67: 0 | AH67: 0 | AI67: 0 | AJ67: 0 | AK67: 0 | AL67: 1 | AM67: 0 | AN67: 0 | AO67: 0 | AP67: 0 | AQ67: 1 | AR67: 0 | AS67: 0 | AT67: 0 | AU67: 0 | AV67: 0 | AW67: 0 | AX67: 0 | AY67: 0 | AZ67: 0 | BA67: 0 | BB67: 0 | BC67: 0 | BD67: 0 | BE67: 0 | BF67: 0 | BG67: 0 | BH67: 0 | BI67: 0 | BJ67: 0 | BK67: 0 | BL67: 0 | BM67: 0 | BN67: 0 | BO67: 0 | BP67: 0 | BQ67: 0 | BR67: 0 | BS67: 0 | BT67: 0 | BU67: 0 | BV67: 0 | BW67: 0 | BX67: 0 | BY67: 0 | BZ67: 0 | CA67: 0 | CB67: 0 | CC67: 0 | CD67: 0 | CE67: 0 | CF67: 0 | CG67: 0 | CH67: 1 | CI67: 0 | CJ67: 0 | CK67: 0 | CL67: 0 | CM67: 0 | CN67: 0 | CO67: 0 | CP67: 0 | CQ67: 0 | CR67: 0 | CS67: 0 | CT67: 0 | CU67: 0 | CV67: 0 | CW67: 0 | CX67: 0 | CY67: 0 | CZ67: 0 | DA67: 0 | DB67: 1 | DC67: 0 | DD67: 0 | DE67: 0 | DF67: 0 | DG67: 0 | DH67: 0 | DI67: 0 | DJ67: 0 | DK67: 0 | DL67: 0 | DM67: 0 | DN67: 0 | DO67: 0 | DP67: 0 | DQ67: 0 | DR67: 0 | DS67: 0 | DT67: 0 | DU67: 0 | DV67: 0 | DW67: 0 | DX67: 0 | DY67: 0 | DZ67: 0 | EA67: 0
A68: =VLOOKUP(E68,'Validation List'!F69:G464,2,FALSE) -> #N/A | B68: =INDEX('NEW HIRE ROSTER'!$G:$G,MATCH(RAW!F68,'NEW HIRE ROSTER'!$A:$A,0)) -> Nesting | C68: =INDEX('NEW HIRE ROSTER'!$F:$F,MATCH(RAW!F68,'NEW HIRE ROSTER'!$A:$A,0)) -> Class 11.2 | D68: =INDEX('Validation List'!$H:$H,MATCH(RAW!E68,'Validation List'!$F:$F,0)) -> Jan Week 1 | E68: 45666 | F68: Tanglao,Jaycee Fernando | G68: =VLOOKUP(F68,ML!C52:D650,2,FALSE) -> Khyno Elimanco Cortez | H68: =VLOOKUP(F68,ML!C52:E650,3,FALSE) -> QC | I68: Aguilar, Jam | J68: Internal/Client | K68: "Call Transferred" | L68: INQ-E970896 | M68: 0.85 | N68: 0 | O68: 0 | P68: 0 | Q68: 0 | R68: 0 | S68: 0 | T68: 0 | U68: 0 | V68: 0 | W68: 0 | X68: 0 | Y68: 0 | Z68: 0 | AA68: 0 | AB68: 0 | AC68: 0 | AD68: 0 | AE68: 0 | AF68: 0 | AG68: 0 | AH68: 0 | AI68: 0 | AJ68: 0 | AK68: 0 | AL68: 0 | AM68: 0 | AN68: 0 | AO68: 0 | AP68: 0 | AQ68: 0 | AR68: 0 | AS68: 0 | AT68: 0 | AU68: 0 | AV68: 0 | AW68: 0 | AX68: 0 | AY68: 0 | AZ68: 0 | BA68: 0 | BB68: 0 | BC68: 0 | BD68: 0 | BE68: 0 | BF68: 0 | BG68: 0 | BH68: 0 | BI68: 0 | BJ68: 0 | BK68: 0 | BL68: 0 | BM68: 0 | BN68: 0 | BO68: 0 | BP68: 0 | BQ68: 0 | BR68: 0 | BS68: 0 | BT68: 0 | BU68: 0 | BV68: 0 | BW68: 0 | BX68: 0 | BY68: 0 | BZ68: 0 | CA68: 0 | CB68: 0 | CC68: 0 | CD68: 0 | CE68: 0 | CF68: 0 | CG68: 0 | CH68: 0 | CI68: 0 | CJ68: 0 | CK68: 0 | CL68: 0 | CM68: 0 | CN68: 0 | CO68: 0 | CP68: 0 | CQ68: 0 | CR68: 0 | CS68: 0 | CT68: 0 | CU68: 0 | CV68: 0 | CW68: 0 | CX68: 1 | CY68: 0 | CZ68: 0 | DA68: 0 | DB68: 0 | DC68: 0 | DD68: 0 | DE68: 0 | DF68: 1 | DG68: 0 | DH68: 0 | DI68: 0 | DJ68: 0 | DK68: 0 | DL68: 0 | DM68: 0 | DN68: 0 | DO68: 0 | DP68: 0 | DQ68: 0 | DR68: 0 | DS68: 0 | DT68: 0 | DU68: 0 | DV68: 0 | DW68: 0 | DX68: 0 | DY68: 0 | DZ68: 0 | EA68: 0
A69: =VLOOKUP(E69,'Validation List'!F70:G465,2,FALSE) -> #N/A | B69: =INDEX('NEW HIRE ROSTER'!$G:$G,MATCH(RAW!F69,'NEW HIRE ROSTER'!$A:$A,0)) -> Nesting | C69: =INDEX('NEW HIRE ROSTER'!$F:$F,MATCH(RAW!F69,'NEW HIRE ROSTER'!$A:$A,0)) -> Class 11.2 | D69: =INDEX('Validation List'!$H:$H,MATCH(RAW!E69,'Validation List'!$F:$F,0)) -> Jan Week 2 | E69: 45672 | F69: Roque,Francis Anthony Jacobe | G69: =VLOOKUP(F69,ML!C53:D651,2,FALSE) -> Khyno Elimanco Cortez | H69: =VLOOKUP(F69,ML!C53:E651,3,FALSE) -> QC | I69: Cortez, Khyno E | J69: Provider | K69: New PA Initiation | L69: INQ-F074855 | M69: 0.94 | N69: 0 | O69: 0 | P69: 0 | Q69: 0 | R69: 0 | S69: 0 | T69: 0 | U69: 0 | V69: 0 | W69: 0 | X69: 0 | Y69: 0 | Z69: 0 | AA69: 0 | AB69: 0 | AC69: 0 | AD69: 0 | AE69: 0 | AF69: 0 | AG69: 0 | AH69: 0 | AI69: 0 | AJ69: 0 | AK69: 0 | AL69: 0 | AM69: 0 | AN69: 0 | AO69: 0 | AP69: 0 | AQ69: 0 | AR69: 0 | AS69: 0 | AT69: 0 | AU69: 0 | AV69: 0 | AW69: 0 | AX69: 0 | AY69: 0 | AZ69: 0 | BA69: 0 | BB69: 0 | BC69: 0 | BD69: 0 | BE69: 0 | BF69: 0 | BG69: 0 | BH69: 0 | BI69: 0 | BJ69: 0 | BK69: 0 | BL69: 0 | BM69: 0 | BN69: 0 | BO69: 0 | BP69: 0 | BQ69: 0 | BR69: 0 | BS69: 0 | BT69: 0 | BU69: 0 | BV69: 0 | BW69: 0 | BX69: 0 | BY69: 0 | BZ69: 0 | CA69: 0 | CB69: 0 | CC69: 1 | CD69: 0 | CE69: 0 | CF69: 0 | CG69: 0 | CH69: 0 | CI69: 0 | CJ69: 0 | CK69: 0 | CL69: 0 | CM69: 0 | CN69: 0 | CO69: 0 | CP69: 0 | CQ69: 0 | CR69: 0 | CS69: 0 | CT69: 0 | CU69: 0 | CV69: 0 | CW69: 0 | CX69: 0 | CY69: 0 | CZ69: 0 | DA69: 0 | DB69: 0 | DC69: 0 | DD69: 0 | DE69: 0 | DF69: 0 | DG69: 0 | DH69: 0 | DI69: 0 | DJ69: 0 | DK69: 0 | DL69: 0 | DM69: 0 | DN69: 0 | DO69: 0 | DP69: 0 | DQ69: 0 | DR69: 0 | DS69: 0 | DT69: 0 | DU69: 0 | DV69: 0 | DW69: 0 | DX69: 0 | DY69: 0 | DZ69: 0 | EA69: 0
A70: =VLOOKUP(E70,'Validation List'!F71:G466,2,FALSE) -> #N/A | B70: =INDEX('NEW HIRE ROSTER'!$G:$G,MATCH(RAW!F70,'NEW HIRE ROSTER'!$A:$A,0)) -> Nesting | C70: =INDEX('NEW HIRE ROSTER'!$F:$F,MATCH(RAW!F70,'NEW HIRE ROSTER'!$A:$A,0)) -> Class 11.2 | D70: =INDEX('Validation List'!$H:$H,MATCH(RAW!E70,'Validation List'!$F:$F,0)) -> Jan Week 2 | E70: 45672 | F70: Veron,Kent Romeo Theryz Perce | G70: =VLOOKUP(F70,ML!C54:D652,2,FALSE) -> Khyno Elimanco Cortez | H70: =VLOOKUP(F70,ML!C54:E652,3,FALSE) -> QC | I70: Cortez, Khyno E | J70: Provider | K70: New PA Initiation | L70: INQ-F058180 | M70: 0.93 | N70: 0 | O70: 0 | P70: 0 | Q70: 0 | R70: 0 | S70: 0 | T70: 0 | U70: 0 | V70: 0 | W70: 0 | X70: 0 | Y70: 0 | Z70: 0 | AA70: 0 | AB70: 0 | AC70: 0 | AD70: 0 | AE70: 0 | AF70: 0 | AG70: 0 | AH70: 0 | AI70: 0 | AJ70: 0 | AK70: 0 | AL70: 0 | AM70: 0 | AN70: 0 | AO70: 0 | AP70: 0 | AQ70: 0 | AR70: 0 | AS70: 0 | AT70: 0 | AU70: 0 | AV70: 0 | AW70: 0 | AX70: 0 | AY70: 0 | AZ70: 0 | BA70: 0 | BB70: 0 | BC70: 0 | BD70: 0 | BE70: 0 | BF70: 0 | BG70: 0 | BH70: 0 | BI70: 0 | BJ70: 0 | BK70: 0 | BL70: 0 | BM70: 0 | BN70: 0 | BO70: 0 | BP70: 0 | BQ70: 0 | BR70: 0 | BS70: 0 | BT70: 0 | BU70: 0 | BV70: 0 | BW70: 0 | BX70: 0 | BY70: 0 | BZ70: 0 | CA70: 0 | CB70: 0 | CC70: 1 | CD70: 0 | CE70: 0 | CF70: 0 | CG70: 0 | CH70: 0 | CI70: 0 | CJ70: 0 | CK70: 0 | CL70: 0 | CM70: 0 | CN70: 1 | CO70: 0 | CP70: 0 | CQ70: 0 | CR70: 0 | CS70: 0 | CT70: 0 | CU70: 0 | CV70: 0 | CW70: 0 | CX70: 0 | CY70: 0 | CZ70: 0 | DA70: 0 | DB70: 0 | DC70: 0 | DD70: 0 | DE70: 0 | DF70: 0 | DG70: 0 | DH70: 0 | DI70: 0 | DJ70: 0 | DK70: 0 | DL70: 0 | DM70: 0 | DN70: 0 | DO70: 0 | DP70: 0 | DQ70: 0 | DR70: 0 | DS70: 0 | DT70: 0 | DU70: 0 | DV70: 0 | DW70: 0 | DX70: 0 | DY70: 0 | DZ70: 0 | EA70: 0
A71: =VLOOKUP(E71,'Validation List'!F72:G467,2,FALSE) -> #N/A | B71: =INDEX('NEW HIRE ROSTER'!$G:$G,MATCH(RAW!F71,'NEW HIRE ROSTER'!$A:$A,0)) -> Nesting | C71: =INDEX('NEW HIRE ROSTER'!$F:$F,MATCH(RAW!F71,'NEW HIRE ROSTER'!$A:$A,0)) -> Class 11.2 | D71: =INDEX('Validation List'!$H:$H,MATCH(RAW!E71,'Validation List'!$F:$F,0)) -> Jan Week 2 | E71: 45672 | F71: Sangil Jr,Gaudencio Abeleda | G71: =VLOOKUP(F71,ML!C55:D653,2,FALSE) -> Khyno Elimanco Cortez | H71: =VLOOKUP(F71,ML!C55:E653,3,FALSE) -> QC | I71: Gatchalian, Ernie Marie C | J71: Provider | K71: New PA Initiation | L71: INQ-F075778 | M71: 0.94 | N71: 0 | O71: 0 | P71: 0 | Q71: 0 | R71: 0 | S71: 0 | T71: 0 | U71: 0 | V71: 0 | W71: 0 | X71: 0 | Y71: 0 | Z71: 0 | AA71: 0 | AB71: 0 | AC71: 0 | AD71: 0 | AE71: 0 | AF71: 0 | AG71: 0 | AH71: 0 | AI71: 0 | AJ71: 0 | AK71: 0 | AL71: 0 | AM71: 0 | AN71: 0 | AO71: 0 | AP71: 0 | AQ71: 1 | AR71: 0 | AS71: 0 | AT71: 0 | AU71: 0 | AV71: 0 | AW71: 0 | AX71: 0 | AY71: 0 | AZ71: 0 | BA71: 0 | BB71: 0 | BC71: 0 | BD71: 0 | BE71: 0 | BF71: 0 | BG71: 0 | BH71: 0 | BI71: 0 | BJ71: 0 | BK71: 0 | BL71: 0 | BM71: 0 | BN71: 0 | BO71: 0 | BP71: 0 | BQ71: 0 | BR71: 0 | BS71: 0 | BT71: 0 | BU71: 0 | BV71: 0 | BW71: 0 | BX71: 0 | BY71: 0 | BZ71: 0 | CA71: 0 | CB71: 0 | CC71: 0 | CD71: 0 | CE71: 0 | CF71: 0 | CG71: 0 | CH71: 0 | CI71: 0 | CJ71: 0 | CK71: 0 | CL71: 0 | CM71: 0 | CN71: 0 | CO71: 0 | CP71: 0 | CQ71: 0 | CR71: 0 | CS71: 0 | CT71: 0 | CU71: 0 | CV71: 0 | CW71: 0 | CX71: 0 | CY71: 0 | CZ71: 0 | DA71: 0 | DB71: 0 | DC71: 0 | DD71: 0 | DE71: 0 | DF71: 0 | DG71: 0 | DH71: 0 | DI71: 0 | DJ71: 0 | DK71: 0 | DL71: 0 | DM71: 0 | DN71: 0 | DO71: 0 | DP71: 0 | DQ71: 0 | DR71: 0 | DS71: 0 | DT71: 0 | DU71: 0 | DV71: 0 | DW71: 0 | DX71: 0 | DY71: 0 | DZ71: 0 | EA71: 0
A72: =VLOOKUP(E72,'Validation List'!F73:G468,2,FALSE) -> #N/A | B72: =INDEX('NEW HIRE ROSTER'!$G:$G,MATCH(RAW!F72,'NEW HIRE ROSTER'!$A:$A,0)) -> Nesting | C72: =INDEX('NEW HIRE ROSTER'!$F:$F,MATCH(RAW!F72,'NEW HIRE ROSTER'!$A:$A,0)) -> Class 11.2 | D72: =INDEX('Validation List'!$H:$H,MATCH(RAW!E72,'Validation List'!$F:$F,0)) -> Jan Week 2 | E72: 45672 | F72: Relano,Abimael Soliman | G72: =VLOOKUP(F72,ML!C56:D654,2,FALSE) -> Khyno Elimanco Cortez | H72: =VLOOKUP(F72,ML!C56:E654,3,FALSE) -> QC | I72: Purpora, Daryl B | J72: Provider | K72: New PA Initiation | L72: INQ-F074528 | M72: 0.99 | N72: 0 | O72: 0 | P72: 0 | Q72: 0 | R72: 0 | S72: 0 | T72: 0 | U72: 0 | V72: 0 | W72: 0 | X72: 0 | Y72: 0 | Z72: 0 | AA72: 0 | AB72: 0 | AC72: 0 | AD72: 0 | AE72: 0 | AF72: 0 | AG72: 0 | AH72: 0 | AI72: 0 | AJ72: 0 | AK72: 0 | AL72: 0 | AM72: 0 | AN72: 0 | AO72: 0 | AP72: 0 | AQ72: 0 | AR72: 0 | AS72: 0 | AT72: 0 | AU72: 0 | AV72: 0 | AW72: 0 | AX72: 0 | AY72: 0 | AZ72: 0 | BA72: 0 | BB72: 0 | BC72: 0 | BD72: 0 | BE72: 0 | BF72: 0 | BG72: 0 | BH72: 0 | BI72: 0 | BJ72: 0 | BK72: 0 | BL72: 0 | BM72: 0 | BN72: 0 | BO72: 0 | BP72: 0 | BQ72: 0 | BR72: 0 | BS72: 0 | BT72: 0 | BU72: 0 | BV72: 0 | BW72: 0 | BX72: 0 | BY72: 0 | BZ72: 0 | CA72: 0 | CB72: 0 | CC72: 0 | CD72: 0 | CE72: 0 | CF72: 0 | CG72: 0 | CH72: 0 | CI72: 0 | CJ72: 0 | CK72: 0 | CL72: 0 | CM72: 0 | CN72: 0 | CO72: 0 | CP72: 0 | CQ72: 0 | CR72: 0 | CS72: 0 | CT72: 0 | CU72: 0 | CV72: 0 | CW72: 0 | CX72: 0 | CY72: 0 | CZ72: 0 | DA72: 0 | DB72: 0 | DC72: 0 | DD72: 0 | DE72: 0 | DF72: 0 | DG72: 0 | DH72: 0 | DI72: 0 | DJ72: 0 | DK72: 1 | DL72: 0 | DM72: 0 | DN72: 0 | DO72: 0 | DP72: 0 | DQ72: 0 | DR72: 0 | DS72: 0 | DT72: 0 | DU72: 0 | DV72: 0 | DW72: 0 | DX72: 0 | DY72: 0 | DZ72: 0 | EA72: 0
A73: =VLOOKUP(E73,'Validation List'!F74:G469,2,FALSE) -> #N/A | B73: =INDEX('NEW HIRE ROSTER'!$G:$G,MATCH(RAW!F73,'NEW HIRE ROSTER'!$A:$A,0)) -> Nesting | C73: =INDEX('NEW HIRE ROSTER'!$F:$F,MATCH(RAW!F73,'NEW HIRE ROSTER'!$A:$A,0)) -> Class 11.2 | D73: =INDEX('Validation List'!$H:$H,MATCH(RAW!E73,'Validation List'!$F:$F,0)) -> Jan Week 2 | E73: 45673 | F73: Sulayao,Windy Homyao | G73: =VLOOKUP(F73,ML!C57:D655,2,FALSE) -> Khyno Elimanco Cortez | H73: =VLOOKUP(F73,ML!C57:E655,3,FALSE) -> QC | I73: Cortez, Khyno E | J73: Provider | K73: Check Status Approve | L73: INQ-F101059 | M73: 1 | N73: 0 | O73: 0 | P73: 0 | Q73: 0 | R73: 0 | S73: 0 | T73: 0 | U73: 0 | V73: 0 | W73: 0 | X73: 0 | Y73: 0 | Z73: 0 | AA73: 0 | AB73: 0 | AC73: 0 | AD73: 0 | AE73: 0 | AF73: 0 | AG73: 0 | AH73: 0 | AI73: 0 | AJ73: 0 | AK73: 0 | AL73: 0 | AM73: 0 | AN73: 0 | AO73: 0 | AP73: 0 | AQ73: 0 | AR73: 0 | AS73: 0 | AT73: 0 | AU73: 0 | AV73: 0 | AW73: 0 | AX73: 0 | AY73: 0 | AZ73: 0 | BA73: 0 | BB73: 0 | BC73: 0 | BD73: 0 | BE73: 0 | BF73: 0 | BG73: 0 | BH73: 0 | BI73: 0 | BJ73: 0 | BK73: 0 | BL73: 0 | BM73: 0 | BN73: 0 | BO73: 0 | BP73: 0 | BQ73: 0 | BR73: 0 | BS73: 0 | BT73: 0 | BU73: 0 | BV73: 0 | BW73: 0 | BX73: 0 | BY73: 0 | BZ73: 0 | CA73: 0 | CB73: 0 | CC73: 0 | CD73: 0 | CE73: 0 | CF73: 0 | CG73: 0 | CH73: 0 | CI73: 0 | CJ73: 0 | CK73: 0 | CL73: 0 | CM73: 0 | CN73: 0 | CO73: 0 | CP73: 0 | CQ73: 0 | CR73: 0 | CS73: 0 | CT73: 0 | CU73: 0 | CV73: 0 | CW73: 0 | CX73: 0 | CY73: 0 | CZ73: 0 | DA73: 0 | DB73: 0 | DC73: 0 | DD73: 0 | DE73: 0 | DF73: 0 | DG73: 0 | DH73: 0 | DI73: 0 | DJ73: 0 | DK73: 0 | DL73: 0 | DM73: 0 | DN73: 0 | DO73: 0 | DP73: 0 | DQ73: 0 | DR73: 0 | DS73: 0 | DT73: 0 | DU73: 0 | DV73: 0 | DW73: 0 | DX73: 0 | DY73: 0 | DZ73: 0 | EA73: 0
A74: =VLOOKUP(E74,'Validation List'!F75:G470,2,FALSE) -> #N/A | B74: =INDEX('NEW HIRE ROSTER'!$G:$G,MATCH(RAW!F74,'NEW HIRE ROSTER'!$A:$A,0)) -> Nesting | C74: =INDEX('NEW HIRE ROSTER'!$F:$F,MATCH(RAW!F74,'NEW HIRE ROSTER'!$A:$A,0)) -> Class 11.2 | D74: =INDEX('Validation List'!$H:$H,MATCH(RAW!E74,'Validation List'!$F:$F,0)) -> Jan Week 2 | E74: 45673 | F74: Sangil Jr,Gaudencio Abeleda | G74: =VLOOKUP(F74,ML!C58:D656,2,FALSE) -> Khyno Elimanco Cortez | H74: =VLOOKUP(F74,ML!C58:E656,3,FALSE) -> QC | I74: Cortez, Khyno E | J74: Provider | K74: Check Formulary Coverage | L74: INQ-F102862 | M74: 1 | N74: 0 | O74: 0 | P74: 0 | Q74: 0 | R74: 0 | S74: 0 | T74: 0 | U74: 0 | V74: 0 | W74: 0 | X74: 0 | Y74: 0 | Z74: 0 | AA74: 0 | AB74: 0 | AC74: 0 | AD74: 0 | AE74: 0 | AF74: 0 | AG74: 0 | AH74: 0 | AI74: 0 | AJ74: 0 | AK74: 0 | AL74: 0 | AM74: 0 | AN74: 0 | AO74: 0 | AP74: 0 | AQ74: 0 | AR74: 0 | AS74: 0 | AT74: 0 | AU74: 0 | AV74: 0 | AW74: 0 | AX74: 0 | AY74: 0 | AZ74: 0 | BA74: 0 | BB74: 0 | BC74: 0 | BD74: 0 | BE74: 0 | BF74: 0 | BG74: 0 | BH74: 0 | BI74: 0 | BJ74: 0 | BK74: 0 | BL74: 0 | BM74: 0 | BN74: 0 | BO74: 0 | BP74: 0 | BQ74: 0 | BR74: 0 | BS74: 0 | BT74: 0 | BU74: 0 | BV74: 0 | BW74: 0 | BX74: 0 | BY74: 0 | BZ74: 0 | CA74: 0 | CB74: 0 | CC74: 0 | CD74: 0 | CE74: 0 | CF74: 0 | CG74: 0 | CH74: 0 | CI74: 0 | CJ74: 0 | CK74: 0 | CL74: 0 | CM74: 0 | CN74: 0 | CO74: 0 | CP74: 0 | CQ74: 0 | CR74: 0 | CS74: 0 | CT74: 0 | CU74: 0 | CV74: 0 | CW74: 0 | CX74: 0 | CY74: 0 | CZ74: 0 | DA74: 0 | DB74: 0 | DC74: 0 | DD74: 0 | DE74: 0 | DF74: 0 | DG74: 0 | DH74: 0 | DI74: 0 | DJ74: 0 | DK74: 0 | DL74: 0 | DM74: 0 | DN74: 0 | DO74: 0 | DP74: 0 | DQ74: 0 | DR74: 0 | DS74: 0 | DT74: 0 | DU74: 0 | DV74: 0 | DW74: 0 | DX74: 0 | DY74: 0 | DZ74: 0 | EA74: 0
A75: =VLOOKUP(E75,'Validation List'!F76:G471,2,FALSE) -> #N/A | B75: =INDEX('NEW HIRE ROSTER'!$G:$G,MATCH(RAW!F75,'NEW HIRE ROSTER'!$A:$A,0)) -> Nesting | C75: =INDEX('NEW HIRE ROSTER'!$F:$F,MATCH(RAW!F75,'NEW HIRE ROSTER'!$A:$A,0)) -> Class 11.1 | D75: =INDEX('Validation List'!$H:$H,MATCH(RAW!E75,'Validation List'!$F:$F,0)) -> Jan Week 2 | E75: 45673 | F75: Alejaga,Bryan Manombaga | G75: =VLOOKUP(F75,ML!C:D,2,FALSE) -> Robin Antolihao Llamido | H75: =VLOOKUP(F75,ML!C:E,3,FALSE) -> QC | I75: Logmao, Nyrene Grace L | J75: Provider | K75: Check Status Denied | L75: INQ-F116053 | M75: 0.96 | N75: 0 | O75: 0 | P75: 0 | Q75: 0 | R75: 0 | S75: 0 | T75: 0 | U75: 0 | V75: 0 | W75: 0 | X75: 0 | Y75: 0 | Z75: 0 | AA75: 0 | AB75: 0 | AC75: 0 | AD75: 0 | AE75: 0 | AF75: 0 | AG75: 0 | AH75: 0 | AI75: 0 | AJ75: 0 | AK75: 0 | AL75: 0 | AM75: 0 | AN75: 0 | AO75: 0 | AP75: 0 | AQ75: 0 | AR75: 0 | AS75: 0 | AT75: 0 | AU75: 0 | AV75: 0 | AW75: 0 | AX75: 0 | AY75: 0 | AZ75: 0 | BA75: 0 | BB75: 0 | BC75: 0 | BD75: 0 | BE75: 0 | BF75: 0 | BG75: 0 | BH75: 0 | BI75: 0 | BJ75: 0 | BK75: 0 | BL75: 0 | BM75: 0 | BN75: 0 | BO75: 0 | BP75: 0 | BQ75: 0 | BR75: 0 | BS75: 0 | BT75: 0 | BU75: 0 | BV75: 0 | BW75: 0 | BX75: 0 | BY75: 0 | BZ75: 0 | CA75: 0 | CB75: 0 | CC75: 0 | CD75: 0 | CE75: 0 | CF75: 0 | CG75: 0 | CH75: 0 | CI75: 0 | CJ75: 0 | CK75: 0 | CL75: 1 | CM75: 0 | CN75: 1 | CO75: 0 | CP75: 0 | CQ75: 0 | CR75: 0 | CS75: 0 | CT75: 0 | CU75: 0 | CV75: 0 | CW75: 0 | CX75: 0 | CY75: 0 | CZ75: 0 | DA75: 0 | DB75: 0 | DC75: 0 | DD75: 0 | DE75: 0 | DF75: 0 | DG75: 0 | DH75: 0 | DI75: 0 | DJ75: 0 | DK75: 0 | DL75: 0 | DM75: 0 | DN75: 0 | DO75: 0 | DP75: 0 | DQ75: 0 | DR75: 0 | DS75: 0 | DT75: 0 | DU75: 0 | DV75: 0 | DW75: 0 | DX75: 0 | DY75: 0 | DZ75: 0 | EA75: 0
A76: =VLOOKUP(E76,'Validation List'!F77:G472,2,FALSE) -> #N/A | B76: =INDEX('NEW HIRE ROSTER'!$G:$G,MATCH(RAW!F76,'NEW HIRE ROSTER'!$A:$A,0)) -> Nesting | C76: =INDEX('NEW HIRE ROSTER'!$F:$F,MATCH(RAW!F76,'NEW HIRE ROSTER'!$A:$A,0)) -> Class 11.2 | D76: =INDEX('Validation List'!$H:$H,MATCH(RAW!E76,'Validation List'!$F:$F,0)) -> Jan Week 2 | E76: 45673 | F76: Morales,Lendy Ochate | G76: =VLOOKUP(F76,ML!C60:D658,2,FALSE) -> Khyno Elimanco Cortez | H76: =VLOOKUP(F76,ML!C60:E658,3,FALSE) -> QC | I76: Napay, Rowena Joice B | J76: Provider | K76: Transfer - Additional Assistance | L76: INQ-F100403 | M76: 0.84 | N76: 0 | O76: 0 | P76: 0 | Q76: 0 | R76: 0 | S76: 0 | T76: 1 | U76: 0 | V76: 0 | W76: 0 | X76: 0 | Y76: 0 | Z76: 0 | AA76: 0 | AB76: 0 | AC76: 0 | AD76: 0 | AE76: 0 | AF76: 0 | AG76: 0 | AH76: 0 | AI76: 0 | AJ76: 0 | AK76: 0 | AL76: 0 | AM76: 0 | AN76: 0 | AO76: 0 | AP76: 0 | AQ76: 0 | AR76: 0 | AS76: 0 | AT76: 0 | AU76: 0 | AV76: 0 | AW76: 0 | AX76: 0 | AY76: 0 | AZ76: 0 | BA76: 0 | BB76: 0 | BC76: 0 | BD76: 0 | BE76: 0 | BF76: 0 | BG76: 0 | BH76: 0 | BI76: 0 | BJ76: 0 | BK76: 0 | BL76: 0 | BM76: 0 | BN76: 0 | BO76: 0 | BP76: 0 | BQ76: 0 | BR76: 0 | BS76: 0 | BT76: 0 | BU76: 0 | BV76: 0 | BW76: 0 | BX76: 0 | BY76: 0 | BZ76: 0 | CA76: 0 | CB76: 0 | CC76: 0 | CD76: 0 | CE76: 0 | CF76: 0 | CG76: 0 | CH76: 0 | CI76: 0 | CJ76: 0 | CK76: 0 | CL76: 0 | CM76: 0 | CN76: 0 | CO76: 0 | CP76: 0 | CQ76: 0 | CR76: 0 | CS76: 0 | CT76: 0 | CU76: 0 | CV76: 0 | CW76: 0 | CX76: 0 | CY76: 0 | CZ76: 0 | DA76: 0 | DB76: 0 | DC76: 0 | DD76: 0 | DE76: 0 | DF76: 1 | DG76: 0 | DH76: 0 | DI76: 0 | DJ76: 0 | DK76: 0 | DL76: 0 | DM76: 0 | DN76: 0 | DO76: 0 | DP76: 0 | DQ76: 0 | DR76: 0 | DS76: 0 | DT76: 0 | DU76: 0 | DV76: 0 | DW76: 0 | DX76: 0 | DY76: 0 | DZ76: 0 | EA76: 0
A77: =VLOOKUP(E77,'Validation List'!F78:G473,2,FALSE) -> #N/A | B77: =INDEX('NEW HIRE ROSTER'!$G:$G,MATCH(RAW!F77,'NEW HIRE ROSTER'!$A:$A,0)) -> Nesting | C77: =INDEX('NEW HIRE ROSTER'!$F:$F,MATCH(RAW!F77,'NEW HIRE ROSTER'!$A:$A,0)) -> Class 11.2 | D77: =INDEX('Validation List'!$H:$H,MATCH(RAW!E77,'Validation List'!$F:$F,0)) -> Jan Week 2 | E77: 45673 | F77: Ramos,Ruth Marionne Dalut | G77: =VLOOKUP(F77,ML!C61:D659,2,FALSE) -> Khyno Elimanco Cortez | H77: =VLOOKUP(F77,ML!C61:E659,3,FALSE) -> QC | I77: Napay, Rowena Joice B | J77: Provider | K77: Check Formulary Coverage | L77: INQ-F101217 | M77: 1 | N77: 0 | O77: 0 | P77: 0 | Q77: 0 | R77: 0 | S77: 0 | T77: 0 | U77: 0 | V77: 0 | W77: 0 | X77: 0 | Y77: 0 | Z77: 0 | AA77: 0 | AB77: 0 | AC77: 0 | AD77: 0 | AE77: 0 | AF77: 0 | AG77: 0 | AH77: 0 | AI77: 0 | AJ77: 0 | AK77: 0 | AL77: 0 | AM77: 0 | AN77: 0 | AO77: 0 | AP77: 0 | AQ77: 0 | AR77: 0 | AS77: 0 | AT77: 0 | AU77: 0 | AV77: 0 | AW77: 0 | AX77: 0 | AY77: 0 | AZ77: 0 | BA77: 0 | BB77: 0 | BC77: 0 | BD77: 0 | BE77: 0 | BF77: 0 | BG77: 0 | BH77: 0 | BI77: 0 | BJ77: 0 | BK77: 0 | BL77: 0 | BM77: 0 | BN77: 0 | BO77: 0 | BP77: 0 | BQ77: 0 | BR77: 0 | BS77: 0 | BT77: 0 | BU77: 0 | BV77: 0 | BW77: 0 | BX77: 0 | BY77: 0 | BZ77: 0 | CA77: 0 | CB77: 0 | CC77: 0 | CD77: 0 | CE77: 0 | CF77: 0 | CG77: 0 | CH77: 0 | CI77: 0 | CJ77: 0 | CK77: 0 | CL77: 0 | CM77: 0 | CN77: 0 | CO77: 0 | CP77: 0 | CQ77: 0 | CR77: 0 | CS77: 0 | CT77: 0 | CU77: 0 | CV77: 0 | CW77: 0 | CX77: 0 | CY77: 0 | CZ77: 0 | DA77: 0 | DB77: 0 | DC77: 0 | DD77: 0 | DE77: 0 | DF77: 0 | DG77: 0 | DH77: 0 | DI77: 0 | DJ77: 0 | DK77: 0 | DL77: 0 | DM77: 0 | DN77: 0 | DO77: 0 | DP77: 0 | DQ77: 0 | DR77: 0 | DS77: 0 | DT77: 0 | DU77: 0 | DV77: 0 | DW77: 0 | DX77: 0 | DY77: 0 | DZ77: 0 | EA77: 0
A78: =VLOOKUP(E78,'Validation List'!F79:G474,2,FALSE) -> #N/A | B78: =INDEX('NEW HIRE ROSTER'!$G:$G,MATCH(RAW!F78,'NEW HIRE ROSTER'!$A:$A,0)) -> Nesting | C78: =INDEX('NEW HIRE ROSTER'!$F:$F,MATCH(RAW!F78,'NEW HIRE ROSTER'!$A:$A,0)) -> Class 11.2 | D78: =INDEX('Validation List'!$H:$H,MATCH(RAW!E78,'Validation List'!$F:$F,0)) -> Jan Week 2 | E78: 45673 | F78: Roces,Diana Abia | G78: =VLOOKUP(F78,ML!C62:D660,2,FALSE) -> Khyno Elimanco Cortez | H78: =VLOOKUP(F78,ML!C62:E660,3,FALSE) -> QC | I78: Napay, Rowena Joice B | J78: Provider | K78: PA Initiation | L78: INQ-F101775 | M78: 0.91 | N78: 0 | O78: 0 | P78: 0 | Q78: 0 | R78: 0 | S78: 0 | T78: 0 | U78: 0 | V78: 0 | W78: 0 | X78: 0 | Y78: 0 | Z78: 0 | AA78: 0 | AB78: 0 | AC78: 0 | AD78: 0 | AE78: 0 | AF78: 0 | AG78: 0 | AH78: 0 | AI78: 0 | AJ78: 0 | AK78: 0 | AL78: 0 | AM78: 0 | AN78: 0 | AO78: 0 | AP78: 0 | AQ78: 0 | AR78: 0 | AS78: 0 | AT78: 0 | AU78: 0 | AV78: 0 | AW78: 0 | AX78: 0 | AY78: 0 | AZ78: 0 | BA78: 0 | BB78: 0 | BC78: 0 | BD78: 0 | BE78: 0 | BF78: 0 | BG78: 0 | BH78: 0 | BI78: 0 | BJ78: 0 | BK78: 0 | BL78: 0 | BM78: 0 | BN78: 0 | BO78: 0 | BP78: 0 | BQ78: 0 | BR78: 0 | BS78: 0 | BT78: 0 | BU78: 0 | BV78: 0 | BW78: 0 | BX78: 0 | BY78: 0 | BZ78: 0 | CA78: 0 | CB78: 0 | CC78: 1 | CD78: 0 | CE78: 0 | CF78: 0 | CG78: 0 | CH78: 0 | CI78: 0 | CJ78: 0 | CK78: 0 | CL78: 0 | CM78: 0 | CN78: 0 | CO78: 0 | CP78: 0 | CQ78: 0 | CR78: 0 | CS78: 0 | CT78: 0 | CU78: 1 | CV78: 0 | CW78: 0 | CX78: 0 | CY78: 0 | CZ78: 0 | DA78: 0 | DB78: 1 | DC78: 0 | DD78: 0 | DE78: 0 | DF78: 0 | DG78: 0 | DH78: 0 | DI78: 0 | DJ78: 0 | DK78: 0 | DL78: 0 | DM78: 0 | DN78: 0 | DO78: 0 | DP78: 0 | DQ78: 0 | DR78: 0 | DS78: 0 | DT78: 0 | DU78: 0 | DV78: 0 | DW78: 0 | DX78: 0 | DY78: 0 | DZ78: 0 | EA78: 0
A79: =VLOOKUP(E79,'Validation List'!F80:G475,2,FALSE) -> #N/A | B79: =INDEX('NEW HIRE ROSTER'!$G:$G,MATCH(RAW!F79,'NEW HIRE ROSTER'!$A:$A,0)) -> Nesting | C79: =INDEX('NEW HIRE ROSTER'!$F:$F,MATCH(RAW!F79,'NEW HIRE ROSTER'!$A:$A,0)) -> Class 11.2 | D79: =INDEX('Validation List'!$H:$H,MATCH(RAW!E79,'Validation List'!$F:$F,0)) -> Jan Week 2 | E79: 45673 | F79: Tanglao,Jaycee Fernando | G79: =VLOOKUP(F79,ML!C63:D661,2,FALSE) -> Khyno Elimanco Cortez | H79: =VLOOKUP(F79,ML!C63:E661,3,FALSE) -> QC | I79: Napay, Rowena Joice B | J79: Provider | K79: Check Status Denied | L79: INQ-F103832 | M79: 0.94 | N79: 0 | O79: 0 | P79: 0 | Q79: 0 | R79: 0 | S79: 0 | T79: 0 | U79: 0 | V79: 0 | W79: 0 | X79: 0 | Y79: 0 | Z79: 0 | AA79: 0 | AB79: 0 | AC79: 0 | AD79: 0 | AE79: 0 | AF79: 0 | AG79: 0 | AH79: 0 | AI79: 0 | AJ79: 0 | AK79: 0 | AL79: 0 | AM79: 0 | AN79: 0 | AO79: 0 | AP79: 0 | AQ79: 0 | AR79: 1 | AS79: 0 | AT79: 0 | AU79: 0 | AV79: 0 | AW79: 0 | AX79: 0 | AY79: 0 | AZ79: 0 | BA79: 0 | BB79: 0 | BC79: 0 | BD79: 0 | BE79: 0 | BF79: 0 | BG79: 0 | BH79: 0 | BI79: 0 | BJ79: 0 | BK79: 0 | BL79: 0 | BM79: 0 | BN79: 0 | BO79: 0 | BP79: 0 | BQ79: 0 | BR79: 0 | BS79: 0 | BT79: 0 | BU79: 0 | BV79: 0 | BW79: 0 | BX79: 0 | BY79: 0 | BZ79: 0 | CA79: 0 | CB79: 0 | CC79: 0 | CD79: 0 | CE79: 0 | CF79: 0 | CG79: 0 | CH79: 0 | CI79: 0 | CJ79: 0 | CK79: 0 | CL79: 0 | CM79: 0 | CN79: 0 | CO79: 0 | CP79: 0 | CQ79: 0 | CR79: 0 | CS79: 0 | CT79: 0 | CU79: 0 | CV79: 0 | CW79: 0 | CX79: 0 | CY79: 0 | CZ79: 0 | DA79: 0 | DB79: 0 | DC79: 0 | DD79: 0 | DE79: 0 | DF79: 0 | DG79: 0 | DH79: 0 | DI79: 0 | DJ79: 0 | DK79: 0 | DL79: 0 | DM79: 0 | DN79: 0 | DO79: 0 | DP79: 0 | DQ79: 0 | DR79: 0 | DS79: 0 | DT79: 0 | DU79: 0 | DV79: 0 | DW79: 0 | DX79: 0 | DY79: 0 | DZ79: 0 | EA79: 0
A80: =VLOOKUP(E80,'Validation List'!F81:G476,2,FALSE) -> #N/A | B80: =INDEX('NEW HIRE ROSTER'!$G:$G,MATCH(RAW!F80,'NEW HIRE ROSTER'!$A:$A,0)) -> Nesting | C80: =INDEX('NEW HIRE ROSTER'!$F:$F,MATCH(RAW!F80,'NEW HIRE ROSTER'!$A:$A,0)) -> Class 11.1 | D80: =INDEX('Validation List'!$H:$H,MATCH(RAW!E80,'Validation List'!$F:$F,0)) -> Jan Week 2 | E80: 45673 | F80: Pecson,Warren Dela Cruz | G80: =VLOOKUP(F80,ML!C64:D662,2,FALSE) -> Robin Antolihao Llamido | H80: =VLOOKUP(F80,ML!C64:E662,3,FALSE) -> QC | I80: Relon, Gazel D | J80: Provider | K80: Check Status Denied | L80: INQ-F103248 | M80: 0.98 | N80: 0 | O80: 0 | P80: 0 | Q80: 0 | R80: 0 | S80: 0 | T80: 0 | U80: 0 | V80: 0 | W80: 0 | X80: 0 | Y80: 0 | Z80: 0 | AA80: 0 | AB80: 0 | AC80: 0 | AD80: 0 | AE80: 0 | AF80: 0 | AG80: 0 | AH80: 0 | AI80: 0 | AJ80: 0 | AK80: 0 | AL80: 0 | AM80: 0 | AN80: 0 | AO80: 0 | AP80: 0 | AQ80: 0 | AR80: 0 | AS80: 0 | AT80: 0 | AU80: 0 | AV80: 0 | AW80: 0 | AX80: 0 | AY80: 0 | AZ80: 0 | BA80: 0 | BB80: 0 | BC80: 0 | BD80: 0 | BE80: 0 | BF80: 0 | BG80: 0 | BH80: 0 | BI80: 0 | BJ80: 0 | BK80: 0 | BL80: 0 | BM80: 0 | BN80: 0 | BO80: 0 | BP80: 0 | BQ80: 0 | BR80: 0 | BS80: 0 | BT80: 0 | BU80: 0 | BV80: 0 | BW80: 0 | BX80: 0 | BY80: 0 | BZ80: 0 | CA80: 0 | CB80: 0 | CC80: 0 | CD80: 0 | CE80: 0 | CF80: 0 | CG80: 0 | CH80: 0 | CI80: 0 | CJ80: 0 | CK80: 0 | CL80: 0 | CM80: 0 | CN80: 1 | CO80: 0 | CP80: 0 | CQ80: 1 | CR80: 0 | CS80: 0 | CT80: 0 | CU80: 0 | CV80: 0 | CW80: 0 | CX80: 0 | CY80: 0 | CZ80: 0 | DA80: 0 | DB80: 0 | DC80: 0 | DD80: 0 | DE80: 0 | DF80: 0 | DG80: 0 | DH80: 0 | DI80: 0 | DJ80: 0 | DK80: 0 | DL80: 0 | DM80: 0 | DN80: 0 | DO80: 0 | DP80: 0 | DQ80: 0 | DR80: 0 | DS80: 0 | DT80: 0 | DU80: 0 | DV80: 0 | DW80: 0 | DX80: 0 | DY80: 0 | DZ80: 0 | EA80: 0
A81: =VLOOKUP(E81,'Validation List'!F82:G477,2,FALSE) -> #N/A | B81: =INDEX('NEW HIRE ROSTER'!$G:$G,MATCH(RAW!F81,'NEW HIRE ROSTER'!$A:$A,0)) -> #N/A | C81: =INDEX('NEW HIRE ROSTER'!$F:$F,MATCH(RAW!F81,'NEW HIRE ROSTER'!$A:$A,0)) -> #N/A | D81: =INDEX('Validation List'!$H:$H,MATCH(RAW!E81,'Validation List'!$F:$F,0)) -> #N/A | G81: =VLOOKUP(F81,ML!C65:D663,2,FALSE) -> #N/A | H81: =VLOOKUP(F81,ML!C65:E663,3,FALSE) -> #N/A | N81: 0 | O81: 0 | P81: 0 | Q81: 0 | R81: 0 | S81: 0 | T81: 0 | U81: 0 | V81: 0 | W81: 0 | X81: 0 | Y81: 0 | Z81: 0 | AA81: 0 | AB81: 0 | AC81: 0 | AD81: 0 | AE81: 0 | AF81: 0 | AG81: 0 | AH81: 0 | AI81: 0 | AJ81: 0 | AK81: 0 | AL81: 0 | AM81: 0 | AN81: 0 | AO81: 0 | AP81: 0 | AQ81: 0 | AR81: 0 | AS81: 0 | AT81: 0 | AU81: 0 | AV81: 0 | AW81: 0 | AX81: 0 | AY81: 0 | AZ81: 0 | BA81: 0 | BB81: 0 | BC81: 0 | BD81: 0 | BE81: 0 | BF81: 0 | BG81: 0 | BH81: 0 | BI81: 0 | BJ81: 0 | BK81: 0 | BL81: 0 | BM81: 0 | BN81: 0 | BO81: 0 | BP81: 0 | BQ81: 0 | BR81: 0 | BS81: 0 | BT81: 0 | BU81: 0 | BV81: 0 | BW81: 0 | BX81: 0 | BY81: 0 | BZ81: 0 | CA81: 0 | CB81: 0 | CC81: 0 | CD81: 0 | CE81: 0 | CF81: 0 | CG81: 0 | CH81: 0 | CI81: 0 | CJ81: 0 | CK81: 0 | CL81: 0 | CM81: 0 | CN81: 0 | CO81: 0 | CP81: 0 | CQ81: 0 | CR81: 0 | CS81: 0 | CT81: 0 | CU81: 0 | CV81: 0 | CW81: 0 | CX81: 0 | CY81: 0 | CZ81: 0 | DA81: 0 | DB81: 0 | DC81: 0 | DD81: 0 | DE81: 0 | DF81: 0 | DG81: 0 | DH81: 0 | DI81: 0 | DJ81: 0 | DK81: 0 | DL81: 0 | DM81: 0 | DN81: 0 | DO81: 0 | DP81: 0 | DQ81: 0 | DR81: 0 | DS81: 0 | DT81: 0 | DU81: 0 | DV81: 0 | DW81: 0 | DX81: 0 | DY81: 0 | DZ81: 0 | EA81: 0
A82: =VLOOKUP(E82,'Validation List'!F83:G478,2,FALSE) -> #N/A | B82: =INDEX('NEW HIRE ROSTER'!$G:$G,MATCH(RAW!F82,'NEW HIRE ROSTER'!$A:$A,0)) -> #N/A | C82: =INDEX('NEW HIRE ROSTER'!$F:$F,MATCH(RAW!F82,'NEW HIRE ROSTER'!$A:$A,0)) -> #N/A | D82: =INDEX('Validation List'!$H:$H,MATCH(RAW!E82,'Validation List'!$F:$F,0)) -> #N/A | G82: =VLOOKUP(F82,ML!C66:D664,2,FALSE) -> #N/A | H82: =VLOOKUP(F82,ML!C66:E664,3,FALSE) -> #N/A | N82: 0 | O82: 0 | P82: 0 | Q82: 0 | R82: 0 | S82: 0 | T82: 0 | U82: 0 | V82: 0 | W82: 0 | X82: 0 | Y82: 0 | Z82: 0 | AA82: 0 | AB82: 0 | AC82: 0 | AD82: 0 | AE82: 0 | AF82: 0 | AG82: 0 | AH82: 0 | AI82: 0 | AJ82: 0 | AK82: 0 | AL82: 0 | AM82: 0 | AN82: 0 | AO82: 0 | AP82: 0 | AQ82: 0 | AR82: 0 | AS82: 0 | AT82: 0 | AU82: 0 | AV82: 0 | AW82: 0 | AX82: 0 | AY82: 0 | AZ82: 0 | BA82: 0 | BB82: 0 | BC82: 0 | BD82: 0 | BE82: 0 | BF82: 0 | BG82: 0 | BH82: 0 | BI82: 0 | BJ82: 0 | BK82: 0 | BL82: 0 | BM82: 0 | BN82: 0 | BO82: 0 | BP82: 0 | BQ82: 0 | BR82: 0 | BS82: 0 | BT82: 0 | BU82: 0 | BV82: 0 | BW82: 0 | BX82: 0 | BY82: 0 | BZ82: 0 | CA82: 0 | CB82: 0 | CC82: 0 | CD82: 0 | CE82: 0 | CF82: 0 | CG82: 0 | CH82: 0 | CI82: 0 | CJ82: 0 | CK82: 0 | CL82: 0 | CM82: 0 | CN82: 0 | CO82: 0 | CP82: 0 | CQ82: 0 | CR82: 0 | CS82: 0 | CT82: 0 | CU82: 0 | CV82: 0 | CW82: 0 | CX82: 0 | CY82: 0 | CZ82: 0 | DA82: 0 | DB82: 0 | DC82: 0 | DD82: 0 | DE82: 0 | DF82: 0 | DG82: 0 | DH82: 0 | DI82: 0 | DJ82: 0 | DK82: 0 | DL82: 0 | DM82: 0 | DN82: 0 | DO82: 0 | DP82: 0 | DQ82: 0 | DR82: 0 | DS82: 0 | DT82: 0 | DU82: 0 | DV82: 0 | DW82: 0 | DX82: 0 | DY82: 0 | DZ82: 0 | EA82: 0
A83: =VLOOKUP(E83,'Validation List'!F84:G479,2,FALSE) -> #N/A | B83: =INDEX('NEW HIRE ROSTER'!$G:$G,MATCH(RAW!F83,'NEW HIRE ROSTER'!$A:$A,0)) -> #N/A | C83: =INDEX('NEW HIRE ROSTER'!$F:$F,MATCH(RAW!F83,'NEW HIRE ROSTER'!$A:$A,0)) -> #N/A | D83: =INDEX('Validation List'!$H:$H,MATCH(RAW!E83,'Validation List'!$F:$F,0)) -> #N/A | G83: =VLOOKUP(F83,ML!C67:D665,2,FALSE) -> #N/A | H83: =VLOOKUP(F83,ML!C67:E665,3,FALSE) -> #N/A | N83: 0 | O83: 0 | P83: 0 | Q83: 0 | R83: 0 | S83: 0 | T83: 0 | U83: 0 | V83: 0 | W83: 0 | X83: 0 | Y83: 0 | Z83: 0 | AA83: 0 | AB83: 0 | AC83: 0 | AD83: 0 | AE83: 0 | AF83: 0 | AG83: 0 | AH83: 0 | AI83: 0 | AJ83: 0 | AK83: 0 | AL83: 0 | AM83: 0 | AN83: 0 | AO83: 0 | AP83: 0 | AQ83: 0 | AR83: 0 | AS83: 0 | AT83: 0 | AU83: 0 | AV83: 0 | AW83: 0 | AX83: 0 | AY83: 0 | AZ83: 0 | BA83: 0 | BB83: 0 | BC83: 0 | BD83: 0 | BE83: 0 | BF83: 0 | BG83: 0 | BH83: 0 | BI83: 0 | BJ83: 0 | BK83: 0 | BL83: 0 | BM83: 0 | BN83: 0 | BO83: 0 | BP83: 0 | BQ83: 0 | BR83: 0 | BS83: 0 | BT83: 0 | BU83: 0 | BV83: 0 | BW83: 0 | BX83: 0 | BY83: 0 | BZ83: 0 | CA83: 0 | CB83: 0 | CC83: 0 | CD83: 0 | CE83: 0 | CF83: 0 | CG83: 0 | CH83: 0 | CI83: 0 | CJ83: 0 | CK83: 0 | CL83: 0 | CM83: 0 | CN83: 0 | CO83: 0 | CP83: 0 | CQ83: 0 | CR83: 0 | CS83: 0 | CT83: 0 | CU83: 0 | CV83: 0 | CW83: 0 | CX83: 0 | CY83: 0 | CZ83: 0 | DA83: 0 | DB83: 0 | DC83: 0 | DD83: 0 | DE83: 0 | DF83: 0 | DG83: 0 | DH83: 0 | DI83: 0 | DJ83: 0 | DK83: 0 | DL83: 0 | DM83: 0 | DN83: 0 | DO83: 0 | DP83: 0 | DQ83: 0 | DR83: 0 | DS83: 0 | DT83: 0 | DU83: 0 | DV83: 0 | DW83: 0 | DX83: 0 | DY83: 0 | DZ83: 0 | EA83: 0
A84: =VLOOKUP(E84,'Validation List'!F85:G480,2,FALSE) -> #N/A | B84: =INDEX('NEW HIRE ROSTER'!$G:$G,MATCH(RAW!F84,'NEW HIRE ROSTER'!$A:$A,0)) -> #N/A | C84: =INDEX('NEW HIRE ROSTER'!$F:$F,MATCH(RAW!F84,'NEW HIRE ROSTER'!$A:$A,0)) -> #N/A | D84: =INDEX('Validation List'!$H:$H,MATCH(RAW!E84,'Validation List'!$F:$F,0)) -> #N/A | G84: =VLOOKUP(F84,ML!C68:D666,2,FALSE) -> #N/A | H84: =VLOOKUP(F84,ML!C68:E666,3,FALSE) -> #N/A | N84: 0 | O84: 0 | P84: 0 | Q84: 0 | R84: 0 | S84: 0 | T84: 0 | U84: 0 | V84: 0 | W84: 0 | X84: 0 | Y84: 0 | Z84: 0 | AA84: 0 | AB84: 0 | AC84: 0 | AD84: 0 | AE84: 0 | AF84: 0 | AG84: 0 | AH84: 0 | AI84: 0 | AJ84: 0 | AK84: 0 | AL84: 0 | AM84: 0 | AN84: 0 | AO84: 0 | AP84: 0 | AQ84: 0 | AR84: 0 | AS84: 0 | AT84: 0 | AU84: 0 | AV84: 0 | AW84: 0 | AX84: 0 | AY84: 0 | AZ84: 0 | BA84: 0 | BB84: 0 | BC84: 0 | BD84: 0 | BE84: 0 | BF84: 0 | BG84: 0 | BH84: 0 | BI84: 0 | BJ84: 0 | BK84: 0 | BL84: 0 | BM84: 0 | BN84: 0 | BO84: 0 | BP84: 0 | BQ84: 0 | BR84: 0 | BS84: 0 | BT84: 0 | BU84: 0 | BV84: 0 | BW84: 0 | BX84: 0 | BY84: 0 | BZ84: 0 | CA84: 0 | CB84: 0 | CC84: 0 | CD84: 0 | CE84: 0 | CF84: 0 | CG84: 0 | CH84: 0 | CI84: 0 | CJ84: 0 | CK84: 0 | CL84: 0 | CM84: 0 | CN84: 0 | CO84: 0 | CP84: 0 | CQ84: 0 | CR84: 0 | CS84: 0 | CT84: 0 | CU84: 0 | CV84: 0 | CW84: 0 | CX84: 0 | CY84: 0 | CZ84: 0 | DA84: 0 | DB84: 0 | DC84: 0 | DD84: 0 | DE84: 0 | DF84: 0 | DG84: 0 | DH84: 0 | DI84: 0 | DJ84: 0 | DK84: 0 | DL84: 0 | DM84: 0 | DN84: 0 | DO84: 0 | DP84: 0 | DQ84: 0 | DR84: 0 | DS84: 0 | DT84: 0 | DU84: 0 | DV84: 0 | DW84: 0 | DX84: 0 | DY84: 0 | DZ84: 0 | EA84: 0
A85: =VLOOKUP(E85,'Validation List'!F86:G481,2,FALSE) -> #N/A | B85: =INDEX('NEW HIRE ROSTER'!$G:$G,MATCH(RAW!F85,'NEW HIRE ROSTER'!$A:$A,0)) -> #N/A | C85: =INDEX('NEW HIRE ROSTER'!$F:$F,MATCH(RAW!F85,'NEW HIRE ROSTER'!$A:$A,0)) -> #N/A | D85: =INDEX('Validation List'!$H:$H,MATCH(RAW!E85,'Validation List'!$F:$F,0)) -> #N/A | G85: =VLOOKUP(F85,ML!C69:D667,2,FALSE) -> #N/A | H85: =VLOOKUP(F85,ML!C69:E667,3,FALSE) -> #N/A | N85: 0 | O85: 0 | P85: 0 | Q85: 0 | R85: 0 | S85: 0 | T85: 0 | U85: 0 | V85: 0 | W85: 0 | X85: 0 | Y85: 0 | Z85: 0 | AA85: 0 | AB85: 0 | AC85: 0 | AD85: 0 | AE85: 0 | AF85: 0 | AG85: 0 | AH85: 0 | AI85: 0 | AJ85: 0 | AK85: 0 | AL85: 0 | AM85: 0 | AN85: 0 | AO85: 0 | AP85: 0 | AQ85: 0 | AR85: 0 | AS85: 0 | AT85: 0 | AU85: 0 | AV85: 0 | AW85: 0 | AX85: 0 | AY85: 0 | AZ85: 0 | BA85: 0 | BB85: 0 | BC85: 0 | BD85: 0 | BE85: 0 | BF85: 0 | BG85: 0 | BH85: 0 | BI85: 0 | BJ85: 0 | BK85: 0 | BL85: 0 | BM85: 0 | BN85: 0 | BO85: 0 | BP85: 0 | BQ85: 0 | BR85: 0 | BS85: 0 | BT85: 0 | BU85: 0 | BV85: 0 | BW85: 0 | BX85: 0 | BY85: 0 | BZ85: 0 | CA85: 0 | CB85: 0 | CC85: 0 | CD85: 0 | CE85: 0 | CF85: 0 | CG85: 0 | CH85: 0 | CI85: 0 | CJ85: 0 | CK85: 0 | CL85: 0 | CM85: 0 | CN85: 0 | CO85: 0 | CP85: 0 | CQ85: 0 | CR85: 0 | CS85: 0 | CT85: 0 | CU85: 0 | CV85: 0 | CW85: 0 | CX85: 0 | CY85: 0 | CZ85: 0 | DA85: 0 | DB85: 0 | DC85: 0 | DD85: 0 | DE85: 0 | DF85: 0 | DG85: 0 | DH85: 0 | DI85: 0 | DJ85: 0 | DK85: 0 | DL85: 0 | DM85: 0 | DN85: 0 | DO85: 0 | DP85: 0 | DQ85: 0 | DR85: 0 | DS85: 0 | DT85: 0 | DU85: 0 | DV85: 0 | DW85: 0 | DX85: 0 | DY85: 0 | DZ85: 0 | EA85: 0
A86: =VLOOKUP(E86,'Validation List'!F87:G482,2,FALSE) -> #N/A | B86: =INDEX('NEW HIRE ROSTER'!$G:$G,MATCH(RAW!F86,'NEW HIRE ROSTER'!$A:$A,0)) -> #N/A | C86: =INDEX('NEW HIRE ROSTER'!$F:$F,MATCH(RAW!F86,'NEW HIRE ROSTER'!$A:$A,0)) -> #N/A | D86: =INDEX('Validation List'!$H:$H,MATCH(RAW!E86,'Validation List'!$F:$F,0)) -> #N/A | G86: =VLOOKUP(F86,ML!C70:D668,2,FALSE) -> #N/A | H86: =VLOOKUP(F86,ML!C70:E668,3,FALSE) -> #N/A | N86: 0 | O86: 0 | P86: 0 | Q86: 0 | R86: 0 | S86: 0 | T86: 0 | U86: 0 | V86: 0 | W86: 0 | X86: 0 | Y86: 0 | Z86: 0 | AA86: 0 | AB86: 0 | AC86: 0 | AD86: 0 | AE86: 0 | AF86: 0 | AG86: 0 | AH86: 0 | AI86: 0 | AJ86: 0 | AK86: 0 | AL86: 0 | AM86: 0 | AN86: 0 | AO86: 0 | AP86: 0 | AQ86: 0 | AR86: 0 | AS86: 0 | AT86: 0 | AU86: 0 | AV86: 0 | AW86: 0 | AX86: 0 | AY86: 0 | AZ86: 0 | BA86: 0 | BB86: 0 | BC86: 0 | BD86: 0 | BE86: 0 | BF86: 0 | BG86: 0 | BH86: 0 | BI86: 0 | BJ86: 0 | BK86: 0 | BL86: 0 | BM86: 0 | BN86: 0 | BO86: 0 | BP86: 0 | BQ86: 0 | BR86: 0 | BS86: 0 | BT86: 0 | BU86: 0 | BV86: 0 | BW86: 0 | BX86: 0 | BY86: 0 | BZ86: 0 | CA86: 0 | CB86: 0 | CC86: 0 | CD86: 0 | CE86: 0 | CF86: 0 | CG86: 0 | CH86: 0 | CI86: 0 | CJ86: 0 | CK86: 0 | CL86: 0 | CM86: 0 | CN86: 0 | CO86: 0 | CP86: 0 | CQ86: 0 | CR86: 0 | CS86: 0 | CT86: 0 | CU86: 0 | CV86: 0 | CW86: 0 | CX86: 0 | CY86: 0 | CZ86: 0 | DA86: 0 | DB86: 0 | DC86: 0 | DD86: 0 | DE86: 0 | DF86: 0 | DG86: 0 | DH86: 0 | DI86: 0 | DJ86: 0 | DK86: 0 | DL86: 0 | DM86: 0 | DN86: 0 | DO86: 0 | DP86: 0 | DQ86: 0 | DR86: 0 | DS86: 0 | DT86: 0 | DU86: 0 | DV86: 0 | DW86: 0 | DX86: 0 | DY86: 0 | DZ86: 0 | EA86: 0
A87: =VLOOKUP(E87,'Validation List'!F88:G483,2,FALSE) -> #N/A | B87: =INDEX('NEW HIRE ROSTER'!$G:$G,MATCH(RAW!F87,'NEW HIRE ROSTER'!$A:$A,0)) -> #N/A | C87: =INDEX('NEW HIRE ROSTER'!$F:$F,MATCH(RAW!F87,'NEW HIRE ROSTER'!$A:$A,0)) -> #N/A | D87: =INDEX('Validation List'!$H:$H,MATCH(RAW!E87,'Validation List'!$F:$F,0)) -> #N/A | G87: =VLOOKUP(F87,ML!C71:D669,2,FALSE) -> #N/A | H87: =VLOOKUP(F87,ML!C71:E669,3,FALSE) -> #N/A | N87: 0 | O87: 0 | P87: 0 | Q87: 0 | R87: 0 | S87: 0 | T87: 0 | U87: 0 | V87: 0 | W87: 0 | X87: 0 | Y87: 0 | Z87: 0 | AA87: 0 | AB87: 0 | AC87: 0 | AD87: 0 | AE87: 0 | AF87: 0 | AG87: 0 | AH87: 0 | AI87: 0 | AJ87: 0 | AK87: 0 | AL87: 0 | AM87: 0 | AN87: 0 | AO87: 0 | AP87: 0 | AQ87: 0 | AR87: 0 | AS87: 0 | AT87: 0 | AU87: 0 | AV87: 0 | AW87: 0 | AX87: 0 | AY87: 0 | AZ87: 0 | BA87: 0 | BB87: 0 | BC87: 0 | BD87: 0 | BE87: 0 | BF87: 0 | BG87: 0 | BH87: 0 | BI87: 0 | BJ87: 0 | BK87: 0 | BL87: 0 | BM87: 0 | BN87: 0 | BO87: 0 | BP87: 0 | BQ87: 0 | BR87: 0 | BS87: 0 | BT87: 0 | BU87: 0 | BV87: 0 | BW87: 0 | BX87: 0 | BY87: 0 | BZ87: 0 | CA87: 0 | CB87: 0 | CC87: 0 | CD87: 0 | CE87: 0 | CF87: 0 | CG87: 0 | CH87: 0 | CI87: 0 | CJ87: 0 | CK87: 0 | CL87: 0 | CM87: 0 | CN87: 0 | CO87: 0 | CP87: 0 | CQ87: 0 | CR87: 0 | CS87: 0 | CT87: 0 | CU87: 0 | CV87: 0 | CW87: 0 | CX87: 0 | CY87: 0 | CZ87: 0 | DA87: 0 | DB87: 0 | DC87: 0 | DD87: 0 | DE87: 0 | DF87: 0 | DG87: 0 | DH87: 0 | DI87: 0 | DJ87: 0 | DK87: 0 | DL87: 0 | DM87: 0 | DN87: 0 | DO87: 0 | DP87: 0 | DQ87: 0 | DR87: 0 | DS87: 0 | DT87: 0 | DU87: 0 | DV87: 0 | DW87: 0 | DX87: 0 | DY87: 0 | DZ87: 0 | EA87: 0
A88: =VLOOKUP(E88,'Validation List'!F89:G484,2,FALSE) -> #N/A | B88: =INDEX('NEW HIRE ROSTER'!$G:$G,MATCH(RAW!F88,'NEW HIRE ROSTER'!$A:$A,0)) -> #N/A | C88: =INDEX('NEW HIRE ROSTER'!$F:$F,MATCH(RAW!F88,'NEW HIRE ROSTER'!$A:$A,0)) -> #N/A | D88: =INDEX('Validation List'!$H:$H,MATCH(RAW!E88,'Validation List'!$F:$F,0)) -> #N/A | G88: =VLOOKUP(F88,ML!C72:D670,2,FALSE) -> #N/A | H88: =VLOOKUP(F88,ML!C72:E670,3,FALSE) -> #N/A | N88: 0 | O88: 0 | P88: 0 | Q88: 0 | R88: 0 | S88: 0 | T88: 0 | U88: 0 | V88: 0 | W88: 0 | X88: 0 | Y88: 0 | Z88: 0 | AA88: 0 | AB88: 0 | AC88: 0 | AD88: 0 | AE88: 0 | AF88: 0 | AG88: 0 | AH88: 0 | AI88: 0 | AJ88: 0 | AK88: 0 | AL88: 0 | AM88: 0 | AN88: 0 | AO88: 0 | AP88: 0 | AQ88: 0 | AR88: 0 | AS88: 0 | AT88: 0 | AU88: 0 | AV88: 0 | AW88: 0 | AX88: 0 | AY88: 0 | AZ88: 0 | BA88: 0 | BB88: 0 | BC88: 0 | BD88: 0 | BE88: 0 | BF88: 0 | BG88: 0 | BH88: 0 | BI88: 0 | BJ88: 0 | BK88: 0 | BL88: 0 | BM88: 0 | BN88: 0 | BO88: 0 | BP88: 0 | BQ88: 0 | BR88: 0 | BS88: 0 | BT88: 0 | BU88: 0 | BV88: 0 | BW88: 0 | BX88: 0 | BY88: 0 | BZ88: 0 | CA88: 0 | CB88: 0 | CC88: 0 | CD88: 0 | CE88: 0 | CF88: 0 | CG88: 0 | CH88: 0 | CI88: 0 | CJ88: 0 | CK88: 0 | CL88: 0 | CM88: 0 | CN88: 0 | CO88: 0 | CP88: 0 | CQ88: 0 | CR88: 0 | CS88: 0 | CT88: 0 | CU88: 0 | CV88: 0 | CW88: 0 | CX88: 0 | CY88: 0 | CZ88: 0 | DA88: 0 | DB88: 0 | DC88: 0 | DD88: 0 | DE88: 0 | DF88: 0 | DG88: 0 | DH88: 0 | DI88: 0 | DJ88: 0 | DK88: 0 | DL88: 0 | DM88: 0 | DN88: 0 | DO88: 0 | DP88: 0 | DQ88: 0 | DR88: 0 | DS88: 0 | DT88: 0 | DU88: 0 | DV88: 0 | DW88: 0 | DX88: 0 | DY88: 0 | DZ88: 0 | EA88: 0
A89: =VLOOKUP(E89,'Validation List'!F90:G485,2,FALSE) -> #N/A | B89: =INDEX('NEW HIRE ROSTER'!$G:$G,MATCH(RAW!F89,'NEW HIRE ROSTER'!$A:$A,0)) -> #N/A | C89: =INDEX('NEW HIRE ROSTER'!$F:$F,MATCH(RAW!F89,'NEW HIRE ROSTER'!$A:$A,0)) -> #N/A | D89: =INDEX('Validation List'!$H:$H,MATCH(RAW!E89,'Validation List'!$F:$F,0)) -> #N/A | G89: =VLOOKUP(F89,ML!C73:D671,2,FALSE) -> #N/A | H89: =VLOOKUP(F89,ML!C73:E671,3,FALSE) -> #N/A | N89: 0 | O89: 0 | P89: 0 | Q89: 0 | R89: 0 | S89: 0 | T89: 0 | U89: 0 | V89: 0 | W89: 0 | X89: 0 | Y89: 0 | Z89: 0 | AA89: 0 | AB89: 0 | AC89: 0 | AD89: 0 | AE89: 0 | AF89: 0 | AG89: 0 | AH89: 0 | AI89: 0 | AJ89: 0 | AK89: 0 | AL89: 0 | AM89: 0 | AN89: 0 | AO89: 0 | AP89: 0 | AQ89: 0 | AR89: 0 | AS89: 0 | AT89: 0 | AU89: 0 | AV89: 0 | AW89: 0 | AX89: 0 | AY89: 0 | AZ89: 0 | BA89: 0 | BB89: 0 | BC89: 0 | BD89: 0 | BE89: 0 | BF89: 0 | BG89: 0 | BH89: 0 | BI89: 0 | BJ89: 0 | BK89: 0 | BL89: 0 | BM89: 0 | BN89: 0 | BO89: 0 | BP89: 0 | BQ89: 0 | BR89: 0 | BS89: 0 | BT89: 0 | BU89: 0 | BV89: 0 | BW89: 0 | BX89: 0 | BY89: 0 | BZ89: 0 | CA89: 0 | CB89: 0 | CC89: 0 | CD89: 0 | CE89: 0 | CF89: 0 | CG89: 0 | CH89: 0 | CI89: 0 | CJ89: 0 | CK89: 0 | CL89: 0 | CM89: 0 | CN89: 0 | CO89: 0 | CP89: 0 | CQ89: 0 | CR89: 0 | CS89: 0 | CT89: 0 | CU89: 0 | CV89: 0 | CW89: 0 | CX89: 0 | CY89: 0 | CZ89: 0 | DA89: 0 | DB89: 0 | DC89: 0 | DD89: 0 | DE89: 0 | DF89: 0 | DG89: 0 | DH89: 0 | DI89: 0 | DJ89: 0 | DK89: 0 | DL89: 0 | DM89: 0 | DN89: 0 | DO89: 0 | DP89: 0 | DQ89: 0 | DR89: 0 | DS89: 0 | DT89: 0 | DU89: 0 | DV89: 0 | DW89: 0 | DX89: 0 | DY89: 0 | DZ89: 0 | EA89: 0
A90: =VLOOKUP(E90,'Validation List'!F91:G486,2,FALSE) -> #N/A | B90: =INDEX('NEW HIRE ROSTER'!$G:$G,MATCH(RAW!F90,'NEW HIRE ROSTER'!$A:$A,0)) -> #N/A | C90: =INDEX('NEW HIRE ROSTER'!$F:$F,MATCH(RAW!F90,'NEW HIRE ROSTER'!$A:$A,0)) -> #N/A | D90: =INDEX('Validation List'!$H:$H,MATCH(RAW!E90,'Validation List'!$F:$F,0)) -> #N/A | G90: =VLOOKUP(F90,ML!C74:D672,2,FALSE) -> #N/A | H90: =VLOOKUP(F90,ML!C74:E672,3,FALSE) -> #N/A | N90: 0 | O90: 0 | P90: 0 | Q90: 0 | R90: 0 | S90: 0 | T90: 0 | U90: 0 | V90: 0 | W90: 0 | X90: 0 | Y90: 0 | Z90: 0 | AA90: 0 | AB90: 0 | AC90: 0 | AD90: 0 | AE90: 0 | AF90: 0 | AG90: 0 | AH90: 0 | AI90: 0 | AJ90: 0 | AK90: 0 | AL90: 0 | AM90: 0 | AN90: 0 | AO90: 0 | AP90: 0 | AQ90: 0 | AR90: 0 | AS90: 0 | AT90: 0 | AU90: 0 | AV90: 0 | AW90: 0 | AX90: 0 | AY90: 0 | AZ90: 0 | BA90: 0 | BB90: 0 | BC90: 0 | BD90: 0 | BE90: 0 | BF90: 0 | BG90: 0 | BH90: 0 | BI90: 0 | BJ90: 0 | BK90: 0 | BL90: 0 | BM90: 0 | BN90: 0 | BO90: 0 | BP90: 0 | BQ90: 0 | BR90: 0 | BS90: 0 | BT90: 0 | BU90: 0 | BV90: 0 | BW90: 0 | BX90: 0 | BY90: 0 | BZ90: 0 | CA90: 0 | CB90: 0 | CC90: 0 | CD90: 0 | CE90: 0 | CF90: 0 | CG90: 0 | CH90: 0 | CI90: 0 | CJ90: 0 | CK90: 0 | CL90: 0 | CM90: 0 | CN90: 0 | CO90: 0 | CP90: 0 | CQ90: 0 | CR90: 0 | CS90: 0 | CT90: 0 | CU90: 0 | CV90: 0 | CW90: 0 | CX90: 0 | CY90: 0 | CZ90: 0 | DA90: 0 | DB90: 0 | DC90: 0 | DD90: 0 | DE90: 0 | DF90: 0 | DG90: 0 | DH90: 0 | DI90: 0 | DJ90: 0 | DK90: 0 | DL90: 0 | DM90: 0 | DN90: 0 | DO90: 0 | DP90: 0 | DQ90: 0 | DR90: 0 | DS90: 0 | DT90: 0 | DU90: 0 | DV90: 0 | DW90: 0 | DX90: 0 | DY90: 0 | DZ90: 0 | EA90: 0
A91: =VLOOKUP(E91,'Validation List'!F92:G487,2,FALSE) -> #N/A | B91: =INDEX('NEW HIRE ROSTER'!$G:$G,MATCH(RAW!F91,'NEW HIRE ROSTER'!$A:$A,0)) -> #N/A | C91: =INDEX('NEW HIRE ROSTER'!$F:$F,MATCH(RAW!F91,'NEW HIRE ROSTER'!$A:$A,0)) -> #N/A | D91: =INDEX('Validation List'!$H:$H,MATCH(RAW!E91,'Validation List'!$F:$F,0)) -> #N/A | G91: =VLOOKUP(F91,ML!C75:D673,2,FALSE) -> #N/A | H91: =VLOOKUP(F91,ML!C75:E673,3,FALSE) -> #N/A | N91: 0 | O91: 0 | P91: 0 | Q91: 0 | R91: 0 | S91: 0 | T91: 0 | U91: 0 | V91: 0 | W91: 0 | X91: 0 | Y91: 0 | Z91: 0 | AA91: 0 | AB91: 0 | AC91: 0 | AD91: 0 | AE91: 0 | AF91: 0 | AG91: 0 | AH91: 0 | AI91: 0 | AJ91: 0 | AK91: 0 | AL91: 0 | AM91: 0 | AN91: 0 | AO91: 0 | AP91: 0 | AQ91: 0 | AR91: 0 | AS91: 0 | AT91: 0 | AU91: 0 | AV91: 0 | AW91: 0 | AX91: 0 | AY91: 0 | AZ91: 0 | BA91: 0 | BB91: 0 | BC91: 0 | BD91: 0 | BE91: 0 | BF91: 0 | BG91: 0 | BH91: 0 | BI91: 0 | BJ91: 0 | BK91: 0 | BL91: 0 | BM91: 0 | BN91: 0 | BO91: 0 | BP91: 0 | BQ91: 0 | BR91: 0 | BS91: 0 | BT91: 0 | BU91: 0 | BV91: 0 | BW91: 0 | BX91: 0 | BY91: 0 | BZ91: 0 | CA91: 0 | CB91: 0 | CC91: 0 | CD91: 0 | CE91: 0 | CF91: 0 | CG91: 0 | CH91: 0 | CI91: 0 | CJ91: 0 | CK91: 0 | CL91: 0 | CM91: 0 | CN91: 0 | CO91: 0 | CP91: 0 | CQ91: 0 | CR91: 0 | CS91: 0 | CT91: 0 | CU91: 0 | CV91: 0 | CW91: 0 | CX91: 0 | CY91: 0 | CZ91: 0 | DA91: 0 | DB91: 0 | DC91: 0 | DD91: 0 | DE91: 0 | DF91: 0 | DG91: 0 | DH91: 0 | DI91: 0 | DJ91: 0 | DK91: 0 | DL91: 0 | DM91: 0 | DN91: 0 | DO91: 0 | DP91: 0 | DQ91: 0 | DR91: 0 | DS91: 0 | DT91: 0 | DU91: 0 | DV91: 0 | DW91: 0 | DX91: 0 | DY91: 0 | DZ91: 0 | EA91: 0
A92: =VLOOKUP(E92,'Validation List'!F93:G488,2,FALSE) -> #N/A | B92: =INDEX('NEW HIRE ROSTER'!$G:$G,MATCH(RAW!F92,'NEW HIRE ROSTER'!$A:$A,0)) -> #N/A | C92: =INDEX('NEW HIRE ROSTER'!$F:$F,MATCH(RAW!F92,'NEW HIRE ROSTER'!$A:$A,0)) -> #N/A | D92: =INDEX('Validation List'!$H:$H,MATCH(RAW!E92,'Validation List'!$F:$F,0)) -> #N/A | G92: =VLOOKUP(F92,ML!C76:D674,2,FALSE) -> #N/A | H92: =VLOOKUP(F92,ML!C76:E674,3,FALSE) -> #N/A | N92: 0 | O92: 0 | P92: 0 | Q92: 0 | R92: 0 | S92: 0 | T92: 0 | U92: 0 | V92: 0 | W92: 0 | X92: 0 | Y92: 0 | Z92: 0 | AA92: 0 | AB92: 0 | AC92: 0 | AD92: 0 | AE92: 0 | AF92: 0 | AG92: 0 | AH92: 0 | AI92: 0 | AJ92: 0 | AK92: 0 | AL92: 0 | AM92: 0 | AN92: 0 | AO92: 0 | AP92: 0 | AQ92: 0 | AR92: 0 | AS92: 0 | AT92: 0 | AU92: 0 | AV92: 0 | AW92: 0 | AX92: 0 | AY92: 0 | AZ92: 0 | BA92: 0 | BB92: 0 | BC92: 0 | BD92: 0 | BE92: 0 | BF92: 0 | BG92: 0 | BH92: 0 | BI92: 0 | BJ92: 0 | BK92: 0 | BL92: 0 | BM92: 0 | BN92: 0 | BO92: 0 | BP92: 0 | BQ92: 0 | BR92: 0 | BS92: 0 | BT92: 0 | BU92: 0 | BV92: 0 | BW92: 0 | BX92: 0 | BY92: 0 | BZ92: 0 | CA92: 0 | CB92: 0 | CC92: 0 | CD92: 0 | CE92: 0 | CF92: 0 | CG92: 0 | CH92: 0 | CI92: 0 | CJ92: 0 | CK92: 0 | CL92: 0 | CM92: 0 | CN92: 0 | CO92: 0 | CP92: 0 | CQ92: 0 | CR92: 0 | CS92: 0 | CT92: 0 | CU92: 0 | CV92: 0 | CW92: 0 | CX92: 0 | CY92: 0 | CZ92: 0 | DA92: 0 | DB92: 0 | DC92: 0 | DD92: 0 | DE92: 0 | DF92: 0 | DG92: 0 | DH92: 0 | DI92: 0 | DJ92: 0 | DK92: 0 | DL92: 0 | DM92: 0 | DN92: 0 | DO92: 0 | DP92: 0 | DQ92: 0 | DR92: 0 | DS92: 0 | DT92: 0 | DU92: 0 | DV92: 0 | DW92: 0 | DX92: 0 | DY92: 0 | DZ92: 0 | EA92: 0
... A161: =VLOOKUP(E161,'Validation List'!F162:G557,2,FALSE) -> #N/A | B161: =INDEX('NEW HIRE ROSTER'!$G:$G,MATCH(RAW!F161,'NEW HIRE ROSTER'!$A:$A,0)) -> #N/A | C161: =INDEX('NEW HIRE ROSTER'!$F:$F,MATCH(RAW!F161,'NEW HIRE ROSTER'!$A:$A,0)) -> #N/A | D161: =INDEX('Validation List'!$H:$H,MATCH(RAW!E161,'Validation List'!$F:$F,0)) -> #N/A | G161: =VLOOKUP(F161,ML!C145:D743,2,FALSE) -> #N/A | H161: =VLOOKUP(F161,ML!C145:E743,3,FALSE) -> #N/A | N161: 0 | O161: 0 | P161: 0 | Q161: 0 | R161: 0 | S161: 0 | T161: 0 | U161: 0 | V161: 0 | W161: 0 | X161: 0 | Y161: 0 | Z161: 0 | AA161: 0 | AB161: 0 | AC161: 0 | AD161: 0 | AE161: 0 | AF161: 0 | AG161: 0 | AH161: 0 | AI161: 0 | AJ161: 0 | AK161: 0 | AL161: 0 | AM161: 0 | AN161: 0 | AO161: 0 | AP161: 0 | AQ161: 0 | AR161: 0 | AS161: 0 | AT161: 0 | AU161: 0 | AV161: 0 | AW161: 0 | AX161: 0 | AY161: 0 | AZ161: 0 | BA161: 0 | BB161: 0 | BC161: 0 | BD161: 0 | BE161: 0 | BF161: 0 | BG161: 0 | BH161: 0 | BI161: 0 | BJ161: 0 | BK161: 0 | BL161: 0 | BM161: 0 | BN161: 0 | BO161: 0 | BP161: 0 | BQ161: 0 | BR161: 0 | BS161: 0 | BT161: 0 | BU161: 0 | BV161: 0 | BW161: 0 | BX161: 0 | BY161: 0 | BZ161: 0 | CA161: 0 | CB161: 0 | CC161: 0 | CD161: 0 | CE161: 0 | CF161: 0 | CG161: 0 | CH161: 0 | CI161: 0 | CJ161: 0 | CK161: 0 | CL161: 0 | CM161: 0 | CN161: 0 | CO161: 0 | CP161: 0 | CQ161: 0 | CR161: 0 | CS161: 0 | CT161: 0 | CU161: 0 | CV161: 0 | CW161: 0 | CX161: 0 | CY161: 0 | CZ161: 0 | DA161: 0 | DB161: 0 | DC161: 0 | DD161: 0 | DE161: 0 | DF161: 0 | DG161: 0 | DH161: 0 | DI161: 0 | DJ161: 0 | DK161: 0 | DL161: 0 | DM161: 0 | DN161: 0 | DO161: 0 | DP161: 0 | DQ161: 0 | DR161: 0 | DS161: 0 | DT161: 0 | DU161: 0 | DV161: 0 | DW161: 0 | DX161: 0 | DY161: 0 | DZ161: 0 | EA161: 0
A162: =VLOOKUP(E162,'Validation List'!F163:G558,2,FALSE) -> #N/A | B162: =INDEX('NEW HIRE ROSTER'!$G:$G,MATCH(RAW!F162,'NEW HIRE ROSTER'!$A:$A,0)) -> #N/A | C162: =INDEX('NEW HIRE ROSTER'!$F:$F,MATCH(RAW!F162,'NEW HIRE ROSTER'!$A:$A,0)) -> #N/A | D162: =INDEX('Validation List'!$H:$H,MATCH(RAW!E162,'Validation List'!$F:$F,0)) -> #N/A | G162: =VLOOKUP(F162,ML!C146:D744,2,FALSE) -> #N/A | H162: =VLOOKUP(F162,ML!C146:E744,3,FALSE) -> #N/A
A163: =VLOOKUP(E163,'Validation List'!F164:G559,2,FALSE) -> #N/A | B163: =INDEX('NEW HIRE ROSTER'!$G:$G,MATCH(RAW!F163,'NEW HIRE ROSTER'!$A:$A,0)) -> #N/A | C163: =INDEX('NEW HIRE ROSTER'!$F:$F,MATCH(RAW!F163,'NEW HIRE ROSTER'!$A:$A,0)) -> #N/A | D163: =INDEX('Validation List'!$H:$H,MATCH(RAW!E163,'Validation List'!$F:$F,0)) -> #N/A | G163: =VLOOKUP(F163,ML!C147:D745,2,FALSE) -> #N/A | H163: =VLOOKUP(F163,ML!C147:E745,3,FALSE) -> #N/A
A164: =VLOOKUP(E164,'Validation List'!F165:G560,2,FALSE) -> #N/A | B164: =INDEX('NEW HIRE ROSTER'!$G:$G,MATCH(RAW!F164,'NEW HIRE ROSTER'!$A:$A,0)) -> #N/A | C164: =INDEX('NEW HIRE ROSTER'!$F:$F,MATCH(RAW!F164,'NEW HIRE ROSTER'!$A:$A,0)) -> #N/A | D164: =INDEX('Validation List'!$H:$H,MATCH(RAW!E164,'Validation List'!$F:$F,0)) -> #N/A | G164: =VLOOKUP(F164,ML!C148:D746,2,FALSE) -> #N/A | H164: =VLOOKUP(F164,ML!C148:E746,3,FALSE) -> #N/A
A165: =VLOOKUP(E165,'Validation List'!F166:G561,2,FALSE) -> #N/A | B165: =INDEX('NEW HIRE ROSTER'!$G:$G,MATCH(RAW!F165,'NEW HIRE ROSTER'!$A:$A,0)) -> #N/A | C165: =INDEX('NEW HIRE ROSTER'!$F:$F,MATCH(RAW!F165,'NEW HIRE ROSTER'!$A:$A,0)) -> #N/A | D165: =INDEX('Validation List'!$H:$H,MATCH(RAW!E165,'Validation List'!$F:$F,0)) -> #N/A | G165: =VLOOKUP(F165,ML!C149:D747,2,FALSE) -> #N/A | H165: =VLOOKUP(F165,ML!C149:E747,3,FALSE) -> #N/A
A166: =VLOOKUP(E166,'Validation List'!F167:G562,2,FALSE) -> #N/A | B166: =INDEX('NEW HIRE ROSTER'!$G:$G,MATCH(RAW!F166,'NEW HIRE ROSTER'!$A:$A,0)) -> #N/A | C166: =INDEX('NEW HIRE ROSTER'!$F:$F,MATCH(RAW!F166,'NEW HIRE ROSTER'!$A:$A,0)) -> #N/A | D166: =INDEX('Validation List'!$H:$H,MATCH(RAW!E166,'Validation List'!$F:$F,0)) -> #N/A | G166: =VLOOKUP(F166,ML!C150:D748,2,FALSE) -> #N/A | H166: =VLOOKUP(F166,ML!C150:E748,3,FALSE) -> #N/A
A167: =VLOOKUP(E167,'Validation List'!F168:G563,2,FALSE) -> #N/A | B167: =INDEX('NEW HIRE ROSTER'!$G:$G,MATCH(RAW!F167,'NEW HIRE ROSTER'!$A:$A,0)) -> #N/A | C167: =INDEX('NEW HIRE ROSTER'!$F:$F,MATCH(RAW!F167,'NEW HIRE ROSTER'!$A:$A,0)) -> #N/A | D167: =INDEX('Validation List'!$H:$H,MATCH(RAW!E167,'Validation List'!$F:$F,0)) -> #N/A | G167: =VLOOKUP(F167,ML!C151:D749,2,FALSE) -> #N/A | H167: =VLOOKUP(F167,ML!C151:E749,3,FALSE) -> #N/A
A168: =VLOOKUP(E168,'Validation List'!F169:G564,2,FALSE) -> #N/A | B168: =INDEX('NEW HIRE ROSTER'!$G:$G,MATCH(RAW!F168,'NEW HIRE ROSTER'!$A:$A,0)) -> #N/A | C168: =INDEX('NEW HIRE ROSTER'!$F:$F,MATCH(RAW!F168,'NEW HIRE ROSTER'!$A:$A,0)) -> #N/A | D168: =INDEX('Validation List'!$H:$H,MATCH(RAW!E168,'Validation List'!$F:$F,0)) -> #N/A | G168: =VLOOKUP(F168,ML!C152:D750,2,FALSE) -> #N/A | H168: =VLOOKUP(F168,ML!C152:E750,3,FALSE) -> #N/A
A169: =VLOOKUP(E169,'Validation List'!F170:G565,2,FALSE) -> #N/A | B169: =INDEX('NEW HIRE ROSTER'!$G:$G,MATCH(RAW!F169,'NEW HIRE ROSTER'!$A:$A,0)) -> #N/A | C169: =INDEX('NEW HIRE ROSTER'!$F:$F,MATCH(RAW!F169,'NEW HIRE ROSTER'!$A:$A,0)) -> #N/A | D169: =INDEX('Validation List'!$H:$H,MATCH(RAW!E169,'Validation List'!$F:$F,0)) -> #N/A | G169: =VLOOKUP(F169,ML!C153:D751,2,FALSE) -> #N/A | H169: =VLOOKUP(F169,ML!C153:E751,3,FALSE) -> #N/A
A170: =VLOOKUP(E170,'Validation List'!F171:G566,2,FALSE) -> #N/A | B170: =INDEX('NEW HIRE ROSTER'!$G:$G,MATCH(RAW!F170,'NEW HIRE ROSTER'!$A:$A,0)) -> #N/A | C170: =INDEX('NEW HIRE ROSTER'!$F:$F,MATCH(RAW!F170,'NEW HIRE ROSTER'!$A:$A,0)) -> #N/A | D170: =INDEX('Validation List'!$H:$H,MATCH(RAW!E170,'Validation List'!$F:$F,0)) -> #N/A | G170: =VLOOKUP(F170,ML!C154:D752,2,FALSE) -> #N/A | H170: =VLOOKUP(F170,ML!C154:E752,3,FALSE) -> #N/A
A171: =VLOOKUP(E171,'Validation List'!F172:G567,2,FALSE) -> #N/A | B171: =INDEX('NEW HIRE ROSTER'!$G:$G,MATCH(RAW!F171,'NEW HIRE ROSTER'!$A:$A,0)) -> #N/A | C171: =INDEX('NEW HIRE ROSTER'!$F:$F,MATCH(RAW!F171,'NEW HIRE ROSTER'!$A:$A,0)) -> #N/A | D171: =INDEX('Validation List'!$H:$H,MATCH(RAW!E171,'Validation List'!$F:$F,0)) -> #N/A | G171: =VLOOKUP(F171,ML!C155:D753,2,FALSE) -> #N/A | H171: =VLOOKUP(F171,ML!C155:E753,3,FALSE) -> #N/A
A172: =VLOOKUP(E172,'Validation List'!F173:G568,2,FALSE) -> #N/A | B172: =INDEX('NEW HIRE ROSTER'!$G:$G,MATCH(RAW!F172,'NEW HIRE ROSTER'!$A:$A,0)) -> #N/A | C172: =INDEX('NEW HIRE ROSTER'!$F:$F,MATCH(RAW!F172,'NEW HIRE ROSTER'!$A:$A,0)) -> #N/A | D172: =INDEX('Validation List'!$H:$H,MATCH(RAW!E172,'Validation List'!$F:$F,0)) -> #N/A | G172: =VLOOKUP(F172,ML!C156:D754,2,FALSE) -> #N/A | H172: =VLOOKUP(F172,ML!C156:E754,3,FALSE) -> #N/A
A173: =VLOOKUP(E173,'Validation List'!F174:G569,2,FALSE) -> #N/A | B173: =INDEX('NEW HIRE ROSTER'!$G:$G,MATCH(RAW!F173,'NEW HIRE ROSTER'!$A:$A,0)) -> #N/A | C173: =INDEX('NEW HIRE ROSTER'!$F:$F,MATCH(RAW!F173,'NEW HIRE ROSTER'!$A:$A,0)) -> #N/A | D173: =INDEX('Validation List'!$H:$H,MATCH(RAW!E173,'Validation List'!$F:$F,0)) -> #N/A | G173: =VLOOKUP(F173,ML!C157:D755,2,FALSE) -> #N/A | H173: =VLOOKUP(F173,ML!C157:E755,3,FALSE) -> #N/A
... A1302: =VLOOKUP(E1302,'Validation List'!F1303:G1698,2,FALSE) -> #N/A | B1302: =INDEX('NEW HIRE ROSTER'!$G:$G,MATCH(RAW!F1302,'NEW HIRE ROSTER'!$A:$A,0)) -> #N/A | C1302: =INDEX('NEW HIRE ROSTER'!$F:$F,MATCH(RAW!F1302,'NEW HIRE ROSTER'!$A:$A,0)) -> #N/A | D1302: =INDEX('Validation List'!$H:$H,MATCH(RAW!E1302,'Validation List'!$F:$F,0)) -> #N/A | G1302: =VLOOKUP(F1302,ML!C1286:D1884,2,FALSE) -> #N/A | H1302: =VLOOKUP(F1302,ML!C1286:E1884,3,FALSE) -> #N/A
A1303: =VLOOKUP(E1303,'Validation List'!F1304:G1699,2,FALSE) -> #N/A | B1303: =INDEX('NEW HIRE ROSTER'!$G:$G,MATCH(RAW!F1303,'NEW HIRE ROSTER'!$A:$A,0)) -> #N/A | C1303: =INDEX('NEW HIRE ROSTER'!$F:$F,MATCH(RAW!F1303,'NEW HIRE ROSTER'!$A:$A,0)) -> #N/A | D1303: =INDEX('Validation List'!$H:$H,MATCH(RAW!E1303,'Validation List'!$F:$F,0)) -> #N/A | G1303: =VLOOKUP(F1303,ML!C1287:D1885,2,FALSE) -> #N/A | H1303: =VLOOKUP(F1303,ML!C1325:E1911,3,FALSE) -> #N/A
A1304: =VLOOKUP(E1304,'Validation List'!F1305:G1700,2,FALSE) -> #N/A | B1304: =INDEX('NEW HIRE ROSTER'!$G:$G,MATCH(RAW!F1304,'NEW HIRE ROSTER'!$A:$A,0)) -> #N/A | C1304: =INDEX('NEW HIRE ROSTER'!$F:$F,MATCH(RAW!F1304,'NEW HIRE ROSTER'!$A:$A,0)) -> #N/A | D1304: =INDEX('Validation List'!$H:$H,MATCH(RAW!E1304,'Validation List'!$F:$F,0)) -> #N/A | G1304: =VLOOKUP(F1304,ML!C1288:D1886,2,FALSE) -> #N/A | H1304: =VLOOKUP(F1304,ML!C1326:E1912,3,FALSE) -> #N/A
A1305: =VLOOKUP(E1305,'Validation List'!F1306:G1701,2,FALSE) -> #N/A | B1305: =INDEX('NEW HIRE ROSTER'!$G:$G,MATCH(RAW!F1305,'NEW HIRE ROSTER'!$A:$A,0)) -> #N/A | C1305: =INDEX('NEW HIRE ROSTER'!$F:$F,MATCH(RAW!F1305,'NEW HIRE ROSTER'!$A:$A,0)) -> #N/A | D1305: =INDEX('Validation List'!$H:$H,MATCH(RAW!E1305,'Validation List'!$F:$F,0)) -> #N/A | G1305: =VLOOKUP(F1305,ML!C1289:D1887,2,FALSE) -> #N/A | H1305: =VLOOKUP(F1305,ML!C1327:E1913,3,FALSE) -> #N/A
A1306: =VLOOKUP(E1306,'Validation List'!F1307:G1702,2,FALSE) -> #N/A | B1306: =INDEX('NEW HIRE ROSTER'!$G:$G,MATCH(RAW!F1306,'NEW HIRE ROSTER'!$A:$A,0)) -> #N/A | C1306: =INDEX('NEW HIRE ROSTER'!$F:$F,MATCH(RAW!F1306,'NEW HIRE ROSTER'!$A:$A,0)) -> #N/A | D1306: =INDEX('Validation List'!$H:$H,MATCH(RAW!E1306,'Validation List'!$F:$F,0)) -> #N/A | G1306: =VLOOKUP(F1306,ML!C1290:D1888,2,FALSE) -> #N/A | H1306: =VLOOKUP(F1306,ML!C1328:E1914,3,FALSE) -> #N/A
A1307: =VLOOKUP(E1307,'Validation List'!F1308:G1703,2,FALSE) -> #N/A | B1307: =INDEX('NEW HIRE ROSTER'!$G:$G,MATCH(RAW!F1307,'NEW HIRE ROSTER'!$A:$A,0)) -> #N/A | C1307: =INDEX('NEW HIRE ROSTER'!$F:$F,MATCH(RAW!F1307,'NEW HIRE ROSTER'!$A:$A,0)) -> #N/A | D1307: =INDEX('Validation List'!$H:$H,MATCH(RAW!E1307,'Validation List'!$F:$F,0)) -> #N/A | G1307: =VLOOKUP(F1307,ML!C1291:D1889,2,FALSE) -> #N/A | H1307: =VLOOKUP(F1307,ML!C1329:E1915,3,FALSE) -> #N/A
A1308: =VLOOKUP(E1308,'Validation List'!F1309:G1704,2,FALSE) -> #N/A | B1308: =INDEX('NEW HIRE ROSTER'!$G:$G,MATCH(RAW!F1308,'NEW HIRE ROSTER'!$A:$A,0)) -> #N/A | C1308: =INDEX('NEW HIRE ROSTER'!$F:$F,MATCH(RAW!F1308,'NEW HIRE ROSTER'!$A:$A,0)) -> #N/A | D1308: =INDEX('Validation List'!$H:$H,MATCH(RAW!E1308,'Validation List'!$F:$F,0)) -> #N/A | G1308: =VLOOKUP(F1308,ML!C1292:D1890,2,FALSE) -> #N/A | H1308: =VLOOKUP(F1308,ML!C1330:E1916,3,FALSE) -> #N/A

Sheet Report
A1: Month | B1: January
A2: Date | B2: (All)
A3: Site | B3: (Multiple Items)
A4: Supervisor | B4: (All)
A5: Status | B5: Nesting
D6: Row Labels | E6: Count of Case/INQ | F6: Average of QA Score
A7: Values | D7: Jeric Amazona Mansibang | E7: 17 | F7: 0.97588235
A8: Exceeded Limit of twenty seconds of unannounced silence | B8: 3 | D8: John Earl Melitado Lagare | E8: 2 | F8: 0.985
A9: Exceeded Limit of fifty seconds of announced silence | B9: 2 | D9: Robin Antolihao Llamido | E9: 13 | F9: 0.95846154
A10: Agent did not ask for a third identifier if member ID is not available | B10: 0 | D10: Khyno Elimanco Cortez | E10: 43 | F10: 0.96116279
A11: The agent did not adapt to the caller’s needs through the pace of their speech and the volume of their voice, as appropriate | B11: 0 | D11: Cres Marvin Alexander Alvaro | E11: 4 | F11: 1
A12: Agent did not leverage the Identify Provider and Drug and/or Pharmacy from Member Claims to identify the provider, target drug, and pharmacy | B12: 0 | D12: Grand Total | E12: 79 | F12: 0.9664557
A13: Agent did not keep the interaction/conversation of the call on track and avoids using distractive fillers | B13: 1
A14: For internal transfers, agent did not provide the name and number (if available) of the department the caller is being transferred to, and for external Provide the name and number of the department caller is being transferred to | B14: 0
A15: Agent did not pull up the case history and provide the correct status of case for the target drug | B15: 0
A16: Agent did not thank the caller for holding upon returning to the caller | B16: 0
A17: Gain permission from the caller to transfer | B17: 0
A18: The agent will address the caller using their last name and/or appropriate name/title anytime the name is provided by the caller | B18: 0
A19: The agent did not avoid using terms of endearment when addressing the caller (eg, honey, dear) | B19: 0
A20: Agent did not obtain Caller's callback number | B20: 0
A21: Agent placed the caller on hold at the start of the call | B21: 0
A22: Agent did not warm and cold transfer according to current policy | B22: 0
A23: The agent uses courtesy words/phrases (PIR) | B23: 0
A24: Agent did not answer the caller’s questions to build rapport without getting off track | B24: 0
... A125: Agent did not maintain professionalism throughout the entire interaction with the caller. Agent used unprofessional or profane language. | B125: 0

Sheet Sheet6
A2: Month | B2: (All)
A4: Row Labels | B4: Sum of Agent did not obtain Caller's Location, if not member (e.g., MDO, LTC, Hospice). | C4: Sum of Agent did not obtain Caller's callback number. | D4: Sum of Agent did not ask for a third identifier if member ID is not available | E4: Sum of Agent did not leverage the Identify Provider and Drug and/or Pharmacy from Member Claims to identify the provider, target drug, and pharmacy. | F4: Sum of Agent did not pull up the case history and provide the correct status of case for the target drug | G4: Sum of Agent did not requests permission from the caller before placing them on hold. | H4: Sum of Agent did not thank the caller for holding upon returning to the caller. | I4: Sum of Agent placed the caller on hold at the start of the call. | J4: Sum of Exceeded Limit of five seconds before the greeting of the call. | K4: Sum of Exceeded Limit of twenty seconds of unannounced silence. | L4: Sum of Exceeded Limit of fifty seconds of announced silence. | M4: Sum of Explain the reason/need to transfer the caller. | N4: Sum of Gain permission from the caller to transfer. | O4: Sum of For internal transfers, agent did not provide the name and number (if available) of the department the caller is being transferred to, and for external Provide the name and number of the department caller is being transferred to. | P4: Sum of Agent did not warm and cold transfer according to current policy. | Q4: Sum of The agent will did not speak clearly without mumbling, using jargon, or slang. | R4: Sum of The agent did not adapt to the caller’s needs through the pace of their speech and the volume of their voice, as appropriate. | S4: Sum of The agent did not avoid using terms of endearment when addressing the caller (e.g., honey, dear). | T4: Sum of The agent did not use appropriate and professional language. | U4: Sum of The agent did not correctly update the urgency on a pending case, if requested. | V4: Sum of False documentation | W4: Sum of Agent changed the intent of the initial trial claim | X4: Sum of Agent did not return to the caller from hold after the initial 2mins
A5: Cres Marvin Alexander Alvaro | B5: 0 | C5: 0 | D5: 0 | E5: 0 | F5: 0 | G5: 0 | H5: 0 | I5: 0 | J5: 0 | K5: 0 | L5: 0 | M5: 0 | N5: 0 | O5: 0 | P5: 0 | Q5: 0 | R5: 0 | S5: 0 | T5: 0 | U5: 0 | V5: 0 | W5: 0 | X5: 0
A6: Campanilla,Brennan Roy Solis | B6: 0 | C6: 0 | D6: 0 | E6: 0 | F6: 0 | G6: 0 | H6: 0 | I6: 0 | J6: 0 | K6: 0 | L6: 0 | M6: 0 | N6: 0 | O6: 0 | P6: 0 | Q6: 0 | R6: 0 | S6: 0 | T6: 0 | U6: 0 | V6: 0 | W6: 0 | X6: 0
A7: Faciol,Felicity Dawn Jabonite | B7: 0 | C7: 0 | D7: 0 | E7: 0 | F7: 0 | G7: 0 | H7: 0 | I7: 0 | J7: 0 | K7: 0 | L7: 0 | M7: 0 | N7: 0 | O7: 0 | P7: 0 | Q7: 0 | R7: 0 | S7: 0 | T7: 0 | U7: 0 | V7: 0 | W7: 0 | X7: 0
A8: Lucresia,Sheena Estorba | B8: 0 | C8: 0 | D8: 0 | E8: 0 | F8: 0 | G8: 0 | H8: 0 | I8: 0 | J8: 0 | K8: 0 | L8: 0 | M8: 0 | N8: 0 | O8: 0 | P8: 0 | Q8: 0 | R8: 0 | S8: 0 | T8: 0 | U8: 0 | V8: 0 | W8: 0 | X8: 0
A9: Tizon,Hannah Allysa Daffon | B9: 0 | C9: 0 | D9: 0 | E9: 0 | F9: 0 | G9: 0 | H9: 0 | I9: 0 | J9: 0 | K9: 0 | L9: 0 | M9: 0 | N9: 0 | O9: 0 | P9: 0 | Q9: 0 | R9: 0 | S9: 0 | T9: 0 | U9: 0 | V9: 0 | W9: 0 | X9: 0
A10: Jeric Amazona Mansibang | B10: 0 | C10: 0 | D10: 0 | E10: 0 | F10: 0 | G10: 0 | H10: 0 | I10: 0 | J10: 0 | K10: 0 | L10: 0 | M10: 0 | N10: 0 | O10: 0 | P10: 0 | Q10: 0 | R10: 0 | S10: 0 | T10: 0 | U10: 0 | V10: 0 | W10: 0 | X10: 0
A11: Bihag,Floriebel Dellona | B11: 0 | C11: 0 | D11: 0 | E11: 0 | F11: 0 | G11: 0 | H11: 0 | I11: 0 | J11: 0 | K11: 0 | L11: 0 | M11: 0 | N11: 0 | O11: 0 | P11: 0 | Q11: 0 | R11: 0 | S11: 0 | T11: 0 | U11: 0 | V11: 0 | W11: 0 | X11: 0
A12: Cubillas,Chenne Biazon | B12: 0 | C12: 0 | D12: 0 | E12: 0 | F12: 0 | G12: 0 | H12: 0 | I12: 0 | J12: 0 | K12: 0 | L12: 0 | M12: 0 | N12: 0 | O12: 0 | P12: 0 | Q12: 0 | R12: 0 | S12: 0 | T12: 0 | U12: 0 | V12: 0 | W12: 0 | X12: 0
A13: Lumabao,Rein Amyl Montanez | B13: 0 | C13: 0 | D13: 0 | E13: 0 | F13: 0 | G13: 0 | H13: 0 | I13: 0 | J13: 0 | K13: 0 | L13: 0 | M13: 0 | N13: 0 | O13: 0 | P13: 0 | Q13: 0 | R13: 0 | S13: 0 | T13: 0 | U13: 0 | V13: 0 | W13: 0 | X13: 0
A14: Mama,Monisah Cacasi | B14: 0 | C14: 0 | D14: 0 | E14: 0 | F14: 0 | G14: 0 | H14: 0 | I14: 0 | J14: 0 | K14: 0 | L14: 0 | M14: 0 | N14: 0 | O14: 0 | P14: 0 | Q14: 0 | R14: 0 | S14: 0 | T14: 0 | U14: 0 | V14: 0 | W14: 0 | X14: 0
A15: Tejada,Jan Jaycle Javillonar | B15: 0 | C15: 0 | D15: 0 | E15: 0 | F15: 0 | G15: 0 | H15: 0 | I15: 0 | J15: 0 | K15: 0 | L15: 0 | M15: 0 | N15: 0 | O15: 0 | P15: 0 | Q15: 0 | R15: 0 | S15: 0 | T15: 0 | U15: 0 | V15: 0 | W15: 0 | X15: 0
A16: Torlao,Maria Rowena | B16: 0 | C16: 0 | D16: 0 | E16: 0 | F16: 0 | G16: 0 | H16: 0 | I16: 0 | J16: 0 | K16: 0 | L16: 0 | M16: 0 | N16: 0 | O16: 0 | P16: 0 | Q16: 0 | R16: 0 | S16: 0 | T16: 0 | U16: 0 | V16: 0 | W16: 0 | X16: 0
... A49: Grand Total | B49: 0 | C49: 0 | D49: 3 | E49: 2 | F49: 1 | G49: 0 | H49: 1 | I49: 0 | J49: 0 | K49: 5 | L49: 3 | M49: 0 | N49: 1 | O49: 1 | P49: 0 | Q49: 0 | R49: 3 | S49: 0 | T49: 0 | U49: 0 | V49: 0 | W49: 0 | X49: 0

Sheet Validation List
A1: Pass | B1: Abas,Joanna Lou Marie | C1: "Status Check-Approved" | D1: Abanes,Jerone Paul Pacatcatin | E1: Alvaro,Cres Marvin Alexander | F1: 45627 | G1: December | H1: Provider | I1: 0 | J1: 0 | K1: 0 | L1: 0 | M1: 0 | N1: 0 | O1: Pass | P1: Correspondence Issue | Q1: AOR Requirement | R1: Accuracy of Information | S1: Accent | T1: Call Avoidance | U1: Yes | V1: Complaint | W1: Proactive | X1: Agent did not provide their name/department | Y1: Greeting
A2: Fail | B2: Aboganda, Glylen | C2: "Status Check-Approved- Edit required" | D2: Abantao,Julius Queno | E2: Apacible,Leeanne Rojo | F2: 45628 | G2: December | H2: Member | I2: 1 | J2: 2 | K2: 3 | L2: 5 | M2: 6 | N2: 10 | O2: AutoFail | P2: IVR Issue | Q2: Approved PA | R2: Completeness of Resolution | S2: Active Listening/Probing | T2: Case Decision Avoidance | U2: No | V2: Feedback | W2: Requested Sup | X2: Agent did not verify whom they are speaking to | Y2: Greeting
B3: Acalain, Aldrin | C3: "Call - Related to PA" | D3: Abas,Joanna Lou Marie | E3: Bucay,Clepon Christian Orcullo | F3: 45629 | G3: December | H3: Pharmacy | P3: Misrouted Calls | Q3: Call Authentication | R3: Incorrect/No Resolution | S3: Assertiveness | T3: Declined to Escalate to Supervis or RPh | V3: Commendation | W3: Outreach | X3: Agent did not obtain the name of the caller | Y3: Greeting
B4: Aguilar, Jan Mikhael | C4: "Call Transferred" | D4: Abella,Regie Baclayon | E4: Calley,Aron Jann Bolok | F4: 45630 | G4: December | H4: Third Party | P4: OMNI Issue | Q4: Cancelled PA | R4: Process Familiarity | S4: Compassion/Empathy | T4: False Response | W4: Request CB | X4: Agent did not obtain Caller's Location, if not member (e.g., MDO, LTC, Hospice). | Y4: Obtaining and documenting Information
B5: Aileen Grace Deniega | C5: "Call Dropped-Call Incomplete" | D5: Aboganda,Glylen Jay Basada | E5: Calupig,Charmaine Garde | F5: 45631 | G5: December | H5: Internal/Client | P5: PAS/PANDA Issue | Q5: Denied PA | S5: Comprehension & Acknowledgement | T5: Negligence | X5: Agent did not obtain Caller's callback number. | Y5: Obtaining and documenting Information
B6: Alegre,Gretchen Hazel Senit | C6: "Call Dropped-No Information" | D6: Abrasado,Jennie Ann Mondido | E6: Comendador,Leou Alven Narito | F6: 45632 | G6: December | P6: Phone Line Issue | Q6: Incomplete PA | S6: Confidence | T6: Rudeness | X6: Agent did not ask for a third identifier if member ID is not available | Y6: Member Authentication
B7: Alvaro,Cres Marvin Alexander | C7: "ePA Generated" | D7: Abueva,Lovely Mae Canizar | E7: Corrales,Donabel Sabado | F7: 45633 | G7: December | P7: Website Issue | Q7: Member Not Found | S7: Delivery of Findings | T7: Unprofessional/Inappropriate Behavior | X7: Agent did not obtain member's first and last name | Y7: Member Authentication
B8: Apacible,Leeanne Rojo | C8: "Status Check-Denied" | D8: Abul,Jane Savil Allyssa Yap | E8: Cortez,Khyno Elimanco | F8: 45634 | G8: December | Q8: No Case Found | S8: Pace | X8: Agent did not obtain member's dob | Y8: Member Authentication
B9: Ardines, Chenneth Laurice | C9: "Status Check-Cancelled" | D9: Acedo,Jessa Mae Musong | E9: Cuizon,Ruelan Jimenez | F9: 45635 | G9: December | Q9: Out of Scope | S9: Silence/Dead Air/Hold | X9: Member PHI was inappropriately provided to third party caller | Y9: Member Authentication
B10: Aude, Hannah Euri | C10: "Status Check-Pending" | D10: Acol,Francis Menzon | E10: Dacanay,Paolo Cabantog | F10: 45636 | G10: December | Q10: PA Criteria/Guidelines | S10: Tone | X10: Agent did not utilize scripting for auto-pop information | Y10: Member Authentication
B11: Aude,Hannah Euri Aloba | C11: "Status Check-Pending-Additional Info submitted" | D11: Acot,Chreshiela Mag Usara | E11: Dela Cruz, Alyana Marie | F11: 45637 | G11: December | Q11: PA Determination/External Message | S11: Vocabulary | X11: Agent did not obtain provider's last name | Y11: MDO Authentication
B12: Babatingan, Xiao | C12: "Priority Change" | D12: Adriano,Anthony Floresca | E12: Fernandez,Lea Ibag | F12: 45638 | G12: December | Q12: PA Form | X12: Agent did not obtain provider's NPI | Y12: MDO Authentication
B13: Ballesteros,Joseph Andrew Cera | C13: "Call - Not Related to Prior Auth" | D13: Aggarao Jr,Michael John Subido | E13: Fuentenegra,Victor Jr Cabriles | F13: 45639 | G13: December | Q13: PA Issue | X13: Agent did not authenticate partial address (eg, street name, street number, city, state) | Y13: MDO Authentication
B14: Bautista,Tristan Dale Inot | C14: New PA Initiation | D14: Aguilar,Arnel Olarte | E14: Lagare,John Earl Melitado | F14: 45640 | G14: December | Q14: Pending PA | X14: Agent did not authenticate office phone number | Y14: MDO Authentication
B15: Bringas,Leah Bernadette Lavalle | C15: Additional info for Pending MD Response | D15: Aguilar,Franc Lyn Tubalde | E15: Llamido,Robin Antolihao | F15: 45641 | G15: December | X15: Agent did not authenticate office fax number | Y15: MDO Authentication
B16: Calley,Aron Jann Bolok | C16: Request to cancel existing pending MD response case | D16: Aguilar,Jaen Mikhail Lopez | E16: Lluch,Krizza Louise Lariosa | F16: 45642 | G16: December | X16: Agent did not authenticate the provider information | Y16: MDO Authentication
B17: Carrascal,Marica Caballero | C17: Pre-Determination | D17: Alasaas,Mark Anthony Espigar | E17: Malay,Edrian Credo | F17: 45643 | G17: December | X17: Agent did not utilize scripting for auto-pop information | Y17: MDO Authentication
B18: Charisse Mayo San Diego | C18: "Status Check - Formulary Coverage" | D18: Albarico,Mecaila | E18: Manalaysay,Abigael Singcol | F18: 45644 | G18: December | X18: Agent did not obtain pharmacy name | Y18: Pharmacy Authentication
B19: Chaves,Rhea Fariola | D19: Albes,Jack Lloyd Enano | E19: Pacquiao,Jayzel Liwanag | F19: 45645 | G19: December | X19: Agent did not obtain pharmacy NPI or NABP number | Y19: Pharmacy Authentication
B20: Comendador,Leou Alven Narito | D20: Alegre,Gretchen Hazel Senit | E20: Rudio, Desiree | F20: 45646 | G20: December | X20: Agent did not ask if caller is from a "dispensing pharmacy" | Y20: Pharmacy Authentication
B21: Corrales,Donabel Sabado | D21: Alejaga,Bryan Manombaga | E21: Santos,Ma Alleah De Torres | F21: 45647 | G21: December | X21: Agent did not utilize scripting for auto-pop information | Y21: Pharmacy Authentication
B22: Cortez, Khyno | D22: Alejandrino,Ma Lourdes Fontillas | E22: Valerio,Kristel Angelica | F22: 45648 | G22: December | X22: Agent did not follow member authentication protocol when accessing the member's account is required | Y22: Authentication Requirement for Client and Internal Callers
B23: Cortez,Khyno Elimanco | D23: Alerta,Michael Arriesgado | E23: Variacion,Efren Jr Caitor | F23: 45649 | G23: December | X23: Agent did not change the caller type to provider or pharmacy as needed and follow the applicable authentication process per caller type | Y23: Authentication Requirement for Client and Internal Callers
B24: Cuizon,Ruelan Jimenez | D24: Aleto,Rodelene | E24: Viloria,Floraine Ann Villaraza | F24: 45650 | G24: December | X24: Agent did not ask the transition question if case populate in member case history | Y24: Transition Question
B25: Cuna, Jouanie | D25: Alfonso,Jovimin Millares | F25: 45651 | G25: December | X25: Agent did not ask the transition question if case populate in member case history if case do not populate in member case history | Y25: Transition Question
B26: Dacanay,Beulah Grace Arroyo | D26: Alipoyo,Dalilah Santiago | F26: 45652 | G26: December | X26: Agent did not confirm the caller's needs that was already stated | Y26: Transition Question
B27: Dacanay,Paolo Cabantog | D27: Allorde,Jose Francisco Sustituido | F27: 45653 | G27: December | X27: Agent did not select the correct member account Note: If the member has multiple accounts | Y27: First Call Resolution
B28: Daguil,John Kevin Otadora | D28: Almazan,Cathreen Aizha Ria | F28: 45654 | G28: December | X28: Agent failed to recognize that the account is handled by a dedicated team, did not transfer the call appropriately | Y28: First Call Resolution
B29: Dando,Philip Plana | D29: Almodiel,John Christian Cataluña | F29: 45655 | G29: December | X29: Agent did not leverage the Identify Provider and Drug and/or Pharmacy from Member Claims to identify the provider, target drug, and pharmacy. | Y29: First Call Resolution
B30: De Guzman,Trinitas Jenica Imperial | D30: Alva,Daphnie Joy Ferrer | F30: 45656 | G30: December | X30: Agent did not pull up the case history and provide the correct status of case for the target drug | Y30: First Call Resolution
B31: Delos Santos, Nikki | D31: Alvaro,Cres Marvin Alexander | F31: 45657 | G31: December | X31: New PA request- The agent did not educate the caller on the availability of an ePA once determined that a PA is required | Y31: First Call Resolution
B32: Dimarun,Sohaila Rangiris | D32: Alzaga,Abigael Alano | F32: 45658 | G32: January | H32: Jan Week 1 | X32: Denied Status Checks - The agent did not inform the caller of the appeals information from the denial correspondence as well as client-specific appeals process information | Y32: First Call Resolution
B33: Dolatre,Fred Walter James | D33: Ama,Brent Bryant Formeloza | F33: 45659 | G33: January | H33: Jan Week 1 | X33: Approved Status Checks - The agent did not inform the caller of the approval duration; The agent did not troubleshoot the authorization to get a paid claim | Y33: First Call Resolution
B34: Erwin Ponciano Ocampo | D34: Amaña,Maria Isabel Cañafuego | F34: 45660 | G34: January | H34: Jan Week 1 | X34: Pending Status Checks - The agent did not inform the caller Quoted TAT, status of the pending case, and document any additional information when provided; The agent did not correctly update the urgency on a pending case, if requested. | Y34: First Call Resolution
B35: Escarlan,Aljon Labahata | D35: Ampo,Emilie Lozano | F35: 45661 | G35: January | H35: Jan Week 1 | X35: Miscellaneous - The agent did not resend correspondence(s) when requested.; The agent did not assist the caller by providing formulary alternatives, via Formulary Lookup, the trial claim, denial correspondence, etc. when appropriate | Y35: First Call Resolution
B36: Franco,Janirene Tenoso | D36: Ampuller,Ronnel Gaitan | F36: 45662 | G36: January | H36: Jan Week 1 | X36: Agent did not select the most appropriate dropdown options as a starting point to document the actions taken during the call | Y36: Documentation
B37: Fuentenegra,Victor Jr Cabriles | D37: Anasco,Charity Martinez | F37: 45663 | G37: January | H37: Jan Week 1 | X37: Agent did not revise the guided verbiage as needed | Y37: Documentation
B38: Gatchalian,Ernie Marie Caburian | D38: Aniban,Brandon Saludaga | F38: 45664 | G38: January | H38: Jan Week 1 | X38: Agent did not validate the correct drug product, drug formulation, direction for use, dispensed quantity and days supply | Y38: Drug Selection and Case Details
B39: Guerrero,Lauberlyn Elopre | D39: Antiligando,Jan Victor Escobedo | F39: 45665 | G39: January | H39: Jan Week 1 | X39: Agent should not cancel the phone request when the drug product and formulation has been validated; Agent did not continue with the PA phone request when the call drops after drug product and formulation have been entered | Y39: Drug Selection and Case Details
B40: Herbias, Archiene Ross | D40: Apacible,Leeanne Rojo | F40: 45666 | G40: January | H40: Jan Week 1 | X40: Agent did not ensure brand versus generic request; did not correct the error and reenter the drug product | Y40: Drug Selection and Case Details
B41: Ivy Ciara Aquino Reyes | D41: Archival,Christine Gabasa | F41: 45667 | G41: January | H41: Jan Week 1 | X41: Agent did not enter quantity and days supply exactly as the caller's intent; Agent did not evaluate the reject in action step; Agent did not use retry trial claim to adjust the dispensed quantity and days supply in proportion to 30 days to drive the appropriate rejects | Y41: Drug Selection and Case Details
B42: Jadol,Cyrus Mejos | D42: Arioja,Ava Christine Caneba | F42: 45668 | G42: January | H42: Jan Week 1 | X42: Agent did not enter case detail according to the caller's request (e.g. selecting cost reduction) | Y42: Drug Selection and Case Details
B43: Juannah Ababa Mayagma | D43: Arro,Xylene Rose Arroyo | F43: 45669 | G43: January | H43: Jan Week 2 | X43: Merge Decision - Agent did not evaluate and compare the information from the original pending case to the current case when presented with final case duplicates for merging | Y43: Decision Accuracy at the Action Screen
... B77: Zamora, Joanna Marie | D77: Beltran,James Patrick Canceran | F77: 45703 | G77: February | H77: Feb Week 2 | X77: The first name may only be used to address clinician, tech, nurse, etc. unless the caller requests the first name be used. | Y77: Use Caller's Name
D78: Bernardez,Paolo Angelo Claveria | F78: 45704 | G78: February | H78: Feb Week 3 | X78: It is not required to address internal callers by name. | Y78: Use Caller's Name
D79: Biagtas,Lilet Estigoy | F79: 45705 | G79: February | H79: Feb Week 3 | X79: The agent uses a tone that is pleasant/helpful (PIR). | Y79: Positive Tone
D80: Bihag,Floriebel Dellona | F80: 45706 | G80: February | H80: Feb Week 3 | X80: The agent uses courtesy words/phrases (PIR). | Y80: Professional Interaction
D81: Bogayao,Anjie Valzado | F81: 45707 | G81: February | H81: Feb Week 3 | X81: The agent allows the caller to speak without blatant interruptions. | Y81: Interruptions
D82: Bolinao,Joseph Nikko Paz | F82: 45708 | G82: February | H82: Feb Week 3 | X82: The agent will concede/apologize if they interrupt the caller, accidentally. | Y82: Interruptions
D83: Bompat,Bevvy Caryl Sijuela | F83: 45709 | G83: February | H83: Feb Week 3 | X83: Agent did not avoid blaming or speaking negatively of OptumRx or company partners. | Y83: Credibility/Confidence
D84: Bonifacio,Melanie Gadia | F84: 45710 | G84: February | H84: Feb Week 3 | X84: Agent did not promote confidence in the company’s processes when speaking to the caller. | Y84: Credibility/Confidence
D85: Bontuyan,Reynald Villarino | F85: 45711 | G85: February | H85: Feb Week 4 | X85: If systems are down or latent, the agent did not advise the caller the “system is updating”. | Y85: Credibility/Confidence
D86: Booc,Rhea Angga | F86: 45712 | G86: February | H86: Feb Week 4 | X86: Agent spoke negatively of company systems or place blame on systems. | Y86: Credibility/Confidence
D87: Borcelo,Rizalyn Aloroy | F87: 45713 | G87: February | H87: Feb Week 4 | X87: Agent did not keep the interaction/conversation of the call on track and avoids using distractive fillers. | Y87: Call Control
D88: Borgonia,Cesar Medellin | F88: 45714 | G88: February | H88: Feb Week 4 | X88: Agent did not answer the caller’s questions to build rapport without getting off track | Y88: Call Control
D89: Bravante,Hazel Anne Regunay | F89: 45715 | G89: February | H89: Feb Week 4 | X89: Incorrect Case Priority | Y89: Compliance
D90: Brigoli,Charisse Mae De La Cruz | F90: 45716 | G90: February | H90: Feb Week 4 | X90: Invalid cancellation - Agent did not work and cancel cases in adherence to compliance requirements | Y90: Compliance
D91: Bringas,Leah Bernadette Lavalle | F91: 45717 | G91: March | X91: Case Worked for the Incorrect Member - Agent did not work each case with the correct member account as requested by the caller | Y91: Compliance
D92: Brioso,Denisse Rosero | F92: 45718 | G92: March | X92: Agent did not maintain professionalism throughout the entire interaction with the caller. Agent used unprofessional or profane language | Y92: Compliance
D93: Bucay,Clepon Christian Orcullo | F93: 45719 | G93: March
D94: Buenviaje,Jhetro Ugsang | F94: 45720 | G94: March
D95: Bulalaque,Shermagne Alyza Del Rosario | F95: 45721 | G95: March
D96: Bullanday,Reynan Pancho | F96: 45722 | G96: March
D97: Bumatay,Paul Kent Tanza | F97: 45723 | G97: March
D98: Bureros,Jaybee Benigay | F98: 45724 | G98: March
D99: Cabaero,Queen Ann Mondreza | F99: 45725 | G99: March
D100: Caballes,Aiahna Kirsten | F100: 45726 | G100: March
D101: Cabanero,Adrienne Tabliga | F101: 45727 | G101: March
D102: Cabildo,Tisah May Villamor | F102: 45728 | G102: March
D103: Cabili,Glendys Mae | F103: 45729 | G103: March
D104: Cabreros,Jhanen Quinio | F104: 45730 | G104: March
... D396: Revecoy,Michael Probitso | F396: 46022 | G396: December
D397: Reyes,Ivy Ciara Aquino
D398: Ribo,Josepha Minel Teves
D399: Ricamora,Maria Regina Victoria Laguna
D400: Ricaña,Tomas Iii Samson
D401: Roble,Argie Dungog
D402: Roces,Diana Abia
D403: Roda,Hunny Mae Legara
D404: Rodriguez,Venice Mae Mahipus
D405: Romero,Chelsea Ann
D406: Rondina,Angelica Gabieta
D407: Roque,Francis Anthony Jacobe
D408: Rosillo,Jesus Navarro
... D503: Zulueta,Juan Miguel Golpirica

Sheet Sheet1
A1: Category | B1: AHT Attributes | C1: Dropdown
A2: Greeting | B2: Speed of Answer | C2: Pass
C3: Unpreparedness
C4: Missed to identify active call (Case auto-pop, CTI pop, Beep Sound)
C5: Technical Issue (Software, Hardware, Connectivity, etc.)
C6: Behavior
A8: Authentication | B8: Unnecessary Caller Validation | C8: Pass
C9: Failed to follow auto-pop Authentication
C10: Unnecessary 3rd ID verification
C11: Asking additional identifiers not applicable per caller type
C12: Asking questions when answers were already proactively provided
B14: Irrelevant probing | C14: Pass
C15: Unnecessary AOR verification
C16: Questions not related to authentication process
B19: Repetition of Queries | C19: Pass
C20: Unnecessary paraphrasing of authentication questions
C21: Opportunities on active listening
A23: First Call Resolution | B23: Issue Identification | C23: Pass
C24: Missed to identify/ask caller's concern
C25: Probing questions not related to the issue
C26: Premature issue identification
C27: Communication barrier
B29: Search Time on Systems | C29: Pass
C30: Technical Issue (Software, Hardware, Connectivity, etc.)
C31: Behavioral Issue
C32: Knowledge Issue (Tool/Process unfamiliarity)
C33: Skill (Navigation and Phone Handling)
C34: Other
A36: Drug Selection and Case Details | B36: Difficulty in completing Drug Information | C36: Pass
C37: Missed to reference claims for drug name
C38: Drug request not available on claims
C39: Unfamiliar with generic name when claims are for MSC N
C40: Opportunities on medical abbreviation during sig entry
C41: Opportunities in verifying DQ when sig does not does not match
C42: Compound Prescription
A45: Decision Accuracy at the Action Screen | B45: Interpreting Trial Claim | C45: Pass
C46: Unfamiliar with TC rejections
C47: Unaware who handles the rejection
C48: Failed to retry TC when initial TC is not able to display data
B50: Search Time on Systems | C50: Pass
C51: Technical Issue (Software, Hardware, Connectivity, etc.)
C52: Behavioral Issue
C53: Knowledge Issue (Tool/Process unfamiliarity)
C54: Skill (Navigation and Phone Handling)
C55: Other
A57: Clinical Guideline | B57: Rephrases CG question when necessary | C57: Pass
C58: Opportunities in paraphrasing CG questions
C59: Unable to ask which CG questions that should not be asked
C60: Pronunciation Skills
C61: Knowledge Issue (Opportunities answering internal questions)
C62: Skill Issue (Opportunities in entering provider responses to CGQs
A64: Closing | B64: Delayed Release | C64: Pass
C65: Technical Issue (Tool Latency)
C66: Skill Issue (Navigating Genesys call control bar)
C67: Knowledge Issue (Failed to identify proper closing per call type)
C68: Survey Avoidance
C69: Work Avoidance
A71: Call Holding | B71: Search Time on Systems | C71: Pass
C72: Technical Issue (Software, Hardware, Connectivity, etc.)
C73: Behavioral Issue
C74: Knowledge Issue (Tool/Process unfamiliarity)
C75: Skill (Navigation and Phone Handling)
C76: Other
A78: Call Silence | B78: Dead Air | C78: Pass
C79: Unpreparedness
C80: Technical Issue (Software, Hardware, Connectivity, etc.)
C81: Behavioral Issue
C82: Knowledge Issue (Tool/Process unfamiliarity)
C83: Skill (Navigation and Phone Handling)
C84: Other
A86: Call Transfers | B86: Transfer Time to Receiving Dept | C86: Pass
C87: Lengthy IVR
C88: Transfer misroute
C89: Incorrect initial transfer
C90: Failed to provide transfer time to callers
B92: Department Transferred to | C92: Pass
C93: Long transfer time due to busy queue
C94: Department Outage
C95: Redirected due to out of scope issue
A98: Professional Interaction | B98: Parroting | C98: Pass
C99: Unable to use courtesy words/phrases for call control
A101: Interruptions | B101: Cross Talk | C101: Pass
C102: Blatant interruption that led to call escalation
C103: Does not concede which results to multiple cross talk
C104: Premature responses that resulted to repetition
A106: Call Control | B106: Unstructured Scripts | C106: Pass
C107: Opportunities in paraphrasing
C108: Thought Organization
C109: Sentence construction
C110: Knowledge Issue (Unfamiliar with suggested scripts)
B112: Long Call Scripts | C112: Pass
C113: Over politeness
C114: Excessive use of power words
C115: Did not follow shorter suggested scripts
C116: Too much rapport that led to call off-track

Sheet ML
A1: Employee ID | B1: MSID | C1: Employee Name | D1: AM Name | E1: Site
A2: 001091356 | B2: jabanes | C2: Abanes,Jerone Paul Pacatcatin | D2: Floraine Ann Villaraza Viloria | E2: QC
A3: 002258045 | B3: jabanta2 | C3: Abantao,Julius Queno | D3: John Earl Melitado Lagare | E3: QC
A4: 001621775 | B4: jabas2 | C4: Abas,Joanna Lou Marie | D4: Ma Alleah De Torres Santos | E4: CEBU
A5: 002110299 | B5: rabell12 | C5: Abella,Regie Baclayon | D5: Jean Paul Raymundo Larracas | E5: CEBU
A6: 002149643 | B6: gabogand | C6: Aboganda,Glylen Jay Basada | D6: Rhea Fariola Chaves | E6: CEBU
A7: 001317924 | B7: jabrasad | C7: Abrasado,Jennie Ann Mondido | D7: Floraine Ann Villaraza Viloria | E7: CEBU
A8: 002236076 | B8: labueva | C8: Abueva,Lovely Mae Canizar | D8: Leou Alven Narito Comendador | E8: CEBU
A9: 002244051 | B9: jabul | C9: Abul,Jane Savil Allyssa Yap | D9: Leeanne Rojo Apacible | E9: CEBU
A10: 001400912 | B10: jacedo1 | C10: Acedo,Jessa Mae Musong | D10: Janice Carbonilla Rudila | E10: CEBU
A11: 002258026 | B11: facol | C11: Acol,Francis Menzon | D11: John Earl Melitado Lagare | E11: QC
A12: 001065833 | B12: cmagusa | C12: Acot,Chreshiela Mag Usara | D12: Jean Paul Raymundo Larracas | E12: CEBU
... A20: 002260762 | B20: malbari3 | C20: Albarico,Mecaila | D20: Victor Jr Cabriles Fuentenegra | E20: CEBU
A21: 2160740 | B21: jalbes1 | C21: Albes,Jack Lloyd Enano | D21: Desiree Rudio | E21: QC
A22: 001300294 | B22: galegre | C22: Alegre,Gretchen Hazel Senit | D22: Janice Carbonilla Rudila | E22: CEBU
A23: 001516082 | B23: balejaga | C23: Alejaga,Bryan Manombaga | D23: Robin Antolihao Llamido | E23: QC
A24: 001300816 | B24: malejan4 | C24: Alejandrino,Ma Lourdes Fontillas | D24: Robert Castillo Santos | E24: QC
A25: 002148844 | B25: malerta2 | C25: Alerta,Michael Arriesgado | D25: John Kevin Otadora Daguil | E25: CEBU
A26: 002125906 | B26: raleto | C26: Aleto,Rodelene | D26: Jayzel Liwanag Pacquiao | E26: CEBU
A27: 001910162 | B27: jalfon14 | C27: Alfonso,Jovimin Millares | D27: Jeric Amazona Mansibang | E27: QC
A28: 001627435 | B28: dalipoyo | C28: Alipoyo,Dalilah Santiago | D28: Charmaine Garde Calupig | E28: CEBU
A29: 002133436 | B29: jallord1 | C29: Allorde,Jose Francisco Sustituido | D29: Alyana Marie Jose Dela Cruz | E29: QC
A30: 001884556 | B30: calmaza3 | C30: Almazan,Cathreen Aizha Ria | D30: Maria Theresa Oliva V Ramos | E30: QC
A31: 002243233 | B31: jalmodi3 | C31: Almodiel,John Christian Cataluña | D31: Kristel Angelica Valerio | E31: QC
A32: 002258531 | B32: dalva1 | C32: Alva,Daphnie Joy Ferrer | D32: Jeric Amazona Mansibang | E32: QC
A33: 001988888 | B33: calvaro1 | C33: Alvaro,Cres Marvin Alexander | D33: Carlo Angelo Lim Regalado | E33: CEBU
... A65: 001183689 | B65: jballes6 | C65: Ballesteros,Joseph Andrew Cera | D65: Alanie Sanchez Lapuz | E65: QC
A66: 1943405 | B66: sbalunos | C66: Balunos,Shiela Mae Polidario | D66: Desiree Rudio | E66: QC
A67: 001025337 | B67: abarcel4 | C67: Barcelona,Arjay Regil | D67: Janella Ivane Baltazar Villa | E67: MAKATI
A68: 001928288 | B68: mbaratas | C68: Baratas,Ma Shiella Mae Cagas | D68: Leandro Nino Macabulos Gatbunton | E68: QC
A69: 001929580 | B69: jbarbe26 | C69: Barber,Jovielyn Parulan | D69: Leandro Nino Macabulos Gatbunton | E69: QC
A70: 001913059 | B70: abarlas | C70: Barlas,Albert Bernard | D70: Efren Jr Caitor Variacion | E70: CEBU
A71: 002243245 | B71: lbarona1 | C71: Baroña,Lady Glennise Maristela | D71: Alyana Marie Jose Dela Cruz | E71: QC
A72: 001245182 | B72: cbarte | C72: Barte,Camille Therese Raagas | D72: Edrian Credo Malay | E72: CEBU
A73: 001031099 | B73: gbartolo | C73: Bartolome,Grace Yumul | D73: Danica Villano Furiscal | E73: QC
A74: 2133433 | B74: jbasanez | C74: Basanez,Jeremiah Velez | D74: Desiree Rudio | E74: QC
A75: 002258553 | B75: rbase | C75: Base,Rachel Mae Mabini | D75: Jeric Amazona Mansibang | E75: QC
A76: 001967776 | B76: abasera | C76: Basera,Abigail Jose Canonaso | D76: Jayzel Liwanag Pacquiao | E76: CEBU
A77: 002244612 | B77: rbasilg2 | C77: Basilgo,Rey Martin Impang | D77: Leeanne Rojo Apacible | E77: CEBU
A78: 002258037 | B78: abato2 | C78: Bato,Arnel Sulatorio | D78: John Earl Melitado Lagare | E78: QC
A79: 001478991 | B79: rbauti26 | C79: Bautista,Renato Jr Calimlim | D79: John Earl Melitado Lagare | E79: QC
A80: 001449796 | B80: ebenite3 | C80: Benitez-Garcia,Edward Abraham | D80: Hector Ramiro Laboy- Lebron | E80: OPRO
A81: 001942171 | B81: tbautis5 | C81: Bautista,Tristan Dale Inot | D81: Ma Alleah De Torres Santos | E81: CEBU
A82: 002116392 | B82: cbelen4 | C82: Belen,Carmella Silva | D82: Leandro Nino Macabulos Gatbunton | E82: QC
A83: 002250957 | B83: jbeltr46 | C83: Beltran,James Patrick Canceran | D83: Kristel Angelica Valerio | E83: QC
A84: 001958881 | B84: pberna15 | C84: Bernardez,Paolo Angelo Claveria | D84: Edrian Credo Malay | E84: QC
A85: 002133446 | B85: lbiagtas | C85: Biagtas,Lilet Estigoy | D85: Leandro Nino Macabulos Gatbunton | E85: QC
A86: 002258526 | B86: fbihag | C86: Bihag,Floriebel Dellona | D86: Jeric Amazona Mansibang | E86: QC
... A94: 002236087 | B94: rbooc2 | C94: Booc,Rhea Angga | D94: Leou Alven Narito Comendador | E94: CEBU
A95: 2133454 | B95: rborcel5 | C95: Borcelo,Rizalyn Aloroy | D95: Desiree Rudio | E95: QC
A96: 002119325 | B96: cborgoni | C96: Borgonia,Cesar Medellin | D96: Jayzel Liwanag Pacquiao | E96: CEBU
A97: 002280854 | B97: hbravant | C97: Bravante,Hazel Anne Regunay | D97: Robin Antolihao Llamido | E97: QC
A98: 001172374 | B98: cbrigoli | C98: Brigoli,Charisse Mae De La Cruz | D98: Lea Ibag Fernandez | E98: CEBU
A99: 001251522 | B99: lbringas | C99: Bringas,Leah Bernadette Lavalle | D99: Frederic Matthew Carlos Tuting | E99: QC
A100: 001958905 | B100: dbrioso1 | C100: Brioso,Denisse Rosero | D100: Jean Paul Raymundo Larracas | E100: QC
A101: 001738844 | B101: cbucay | C101: Bucay,Clepon Christian Orcullo | D101: Janice Carbonilla Rudila | E101: CEBU
A102: 002119315 | B102: jbuenvi2 | C102: Buenviaje,Jhetro Ugsang | D102: Jayzel Liwanag Pacquiao | E102: CEBU
A103: 001490965 | B103: yburgos1 | C103: Burgos Gomez,Yazlyn Carmen | D103: Hector Ramiro Laboy- Lebron | E103: OPRO
A104: 001523496 | B104: lburgos6 | C104: Burgos Ramos,Luis R | D104: Osmari Rodriguez | E104: OPRO
A105: 001439443 | B105: aburgos8 | C105: Burgos,Arlene Natalia | D105: Hector Ramiro Laboy- Lebron | E105: OPRO
A106: 001450906 | B106: jburgos7 | C106: Burgos-Rivera,Jennifer N | D106: Osmari Rodriguez | E106: OPRO
A107: 001928599 | B107: sbulalaq | C107: Bulalaque,Shermagne Alyza Del Rosario | D107: Ruelan Jimenez Cuizon | E107: CEBU
... A121: 002243261 | B121: rcahoy | C121: Cahoy,Ralph Basilio | D121: Leeanne Rojo Apacible | E121: CEBU
A122: 2133848 | B122: jcaling3 | C122: Calinga,Jo An Dungog | D122: Desiree Rudio | E122: QC
A123: 002258006 | B123: pcalizar | C123: Calizar,Princess Vitalicio | D123: John Earl Melitado Lagare | E123: QC
A124: 001445134 | B124: acalley | C124: Calley,Aron Jann Bolok | D124: Alanie Sanchez Lapuz | E124: QC
A125: 002111614 | B125: pcalma2 | C125: Calma,Princess Pelipada | D125: Floraine Ann Villaraza Viloria | E125: QC
A126: 002254045 | B126: bcampani | C126: Campanilla,Brennan Roy Solis | D126: Cres Marvin Alexander Alvaro | E126: CEBU
A127: 001959872 | B127: ecamua | C127: Camua,Elijah Roi Enriquez | D127: Leandro Nino Macabulos Gatbunton | E127: QC
A128: 002236081 | B128: scanada5 | C128: Cañada,Sepora Villaflores | D128: Leou Alven Narito Comendador | E128: CEBU
A129: 001938955 | B129: bcanares | C129: Canares,Bunce Reno | D129: John Kevin Otadora Daguil | E129: QC
A130: 001957874 | B130: jcande13 | C130: Candelanza,Janeth Placido | D130: Clepon Christian Bucay Orcullo | E130: CEBU
A131: 002281274 | B131: tcandel2 | C131: Candelaria,Tyronne Tillain | D131: Robin Antolihao Llamido | E131: QC
A132: 002108364 | B132: kcanete5 | C132: Canete,Kathleen Pableo | D132: Clepon Christian Bucay Orcullo | E132: CEBU
A133: 001090151 | B133: mcapito | C133: Capito,Marydeth Judith Donayre | D133: Efren Jr Caitor Variacion | E133: CEBU
A134: 002280861 | B134: mcarill9 | C134: Carillo,Mearijen Ganola | D134: Robin Antolihao Llamido | E134: QC
... A190: 002258073 | B190: fdayola | C190: Dayola Jr,Feliciano Samson | D190: John Earl Melitado Lagare | E190: QC
A191: 2159060 | B191: jdayrit6 | C191: Dayrit,Jon Paolo Jao | D191: Desiree Rudio | E191: QC
A192: 001514605 | B192: cdelval1 | C192: Del Valle,Cesar Antonio | D192: Hector Ramiro Laboy- Lebron | E192: OPRO
A193: 001958871 | B193: jtrinita | C193: De Guzman,Trinitas Jenica Imperial | D193: Lee Stephen Valde Fat | E193: QC
A194: 001927728 | B194: jdejes43 | C194: De Jesus,Junamin Octavo | D194: Floraine Ann Villaraza Viloria | E194: QC
A195: 002148269 | B195: mdela152 | C195: De La Cerna,Maria Dalisay Sanosa | D195: Ruelan Jimenez Cuizon | E195: CEBU
A196: 001943508 | B196: pdelos6 | C196: De Los Santos,Phoebe Hannah Apara | D196: Rhea Fariola Chaves | E196: CEBU
